0.47
0.97
1.47
1.97
2.47
2.97
3.47
3.97
4.97
5.47
5.97
6.47
7.47
7.97
8.47
8.97
9.47
9.97
10.47
10.97
11.47
11.97
12.47
12.97
13.47
13.97
14.47
14.97
15.47
15.97
16.47
16.97
17.47
17.97
18.47
18.97
19.47
19.97
20.47
20.97
21.47
21.97
22.47
22.97
23.47
23.97
24.47
24.97
25.47
25.97
26.47
26.97
27.47
27.97
28.47
28.97
29.47
29.97
30.47
30.97
31.47
31.97
32.47
32.97
33.47
33.97
34.47
34.97
35.47
35.97
36.47
36.97
37.47
37.97
38.47
38.97
39.47
39.97
40.47
40.97
41.47
41.97
42.47
42.97
43.47
43.97
44.47
44.97
45.47
46.47
46.97
47.47
47.97
48.47
48.97
49.47
49.97
50.47
50.97
51.47
51.97
52.47
52.97
53.47
53.97
54.47
54.97
55.47
55.97
56.47
57.47
57.97
58.47
58.97
59.47
59.97
60.47
60.97
61.97
62.47
62.97
63.97
64.47
64.97
65.47
65.97
66.47
66.97
67.97
68.47
68.97
69.47
70.47
70.97
71.47
72.47
72.97
73.47
73.97
74.47
74.97
75.47
75.97
76.47
76.97
77.47
77.97
78.47
78.97
79.47
79.97
80.97
81.97
82.97
83.47
83.97
84.47
85.47
85.97
86.47
86.97
87.47
87.97
88.47
88.97
89.47
89.97
90.47
90.97
91.47
91.97
92.47
92.97
93.47
93.97
94.47
94.97
95.97
96.47
96.97
97.47
98.47
98.97
99.47
99.97
100.47
100.97
101.47
102.47
102.97
103.47
103.97
104.47
104.97
105.47
105.97
106.47
106.97
107.47
107.97
108.47
108.97
109.47
109.97
110.97
111.97
112.47
112.97
113.47
113.97
114.47
114.97
115.47
115.97
116.47
116.97
117.47
117.97
118.47
118.97
119.47
119.97
120.47
120.97
121.47
121.97
122.47
122.97
123.47
123.97
124.47
124.97
125.97
126.47
126.97
127.47
127.97
128.47
128.97
129.47
130.47
130.97
131.97
132.47
132.97
133.47
134.47
134.97
135.47
135.97
136.97
137.47
137.97
138.47
138.97
139.47
139.97
140.47
141.47
141.97
142.47
142.97
143.47
143.97
144.47
145.97
146.47
146.97
147.47
147.97
148.47
148.97
149.47
149.97
150.47
150.97
152.47
152.97
153.47
153.97
154.47
154.97
155.47
155.97
156.47
156.97
157.47
157.97
158.47
158.97
159.47
159.97
160.47
160.97
161.47
161.97
162.47
162.97
163.47
163.97
164.47
164.97
165.47
165.97
166.47
166.97
167.97
168.97
169.47
169.97
170.47
170.97
171.47
171.97
172.47
172.97
173.47
173.97
174.47
174.97
175.97
176.47
177.47
177.97
178.47
178.97
179.47
179.97
180.47
180.97
181.47
181.97
182.47
182.97
183.47
184.47
184.97
185.47
185.97
186.47
186.97
187.47
187.97
188.47
188.97
189.47
189.97
190.97
191.47
191.97
192.47
192.97
193.47
193.97
194.47
195.47
195.97
196.47
196.97
197.47
197.97
198.47
198.97
199.47
199.97
200.47
200.97
201.47
201.97
202.47
202.97
203.47
203.97
204.47
204.97
205.47
205.97
206.47
206.97
208.47
208.97
209.47
209.97
210.47
210.97
211.47
211.97
212.47
212.97
213.47
213.97
214.47
214.97
215.97
216.47
216.97
217.47
217.97
218.47
218.97
219.47
219.97
220.47
220.97
221.47
221.97
222.47
222.97
223.47
223.97
224.47
224.97
225.47
225.97
226.47
226.97
227.47
227.97
228.47
229.47
229.97
230.47
230.97
231.97
232.47
232.97
233.47
233.97
234.47
234.97
235.47
236.97
237.47
237.97
238.47
238.97
239.47
239.97
240.47
240.97
242.47
242.97
243.47
243.97
244.47
244.97
245.97
246.47
246.97
247.47
247.97
248.47
248.97
249.47
249.97
250.47
250.97
251.47
251.97
252.47
252.97
253.47
253.97
254.47
254.97
255.47
255.97
256.47
256.97
257.47
257.97
258.47
258.97
259.47
259.97
260.47
260.97
261.47
261.97
262.47
262.97
263.47
263.97
264.47
264.97
265.47
265.97
266.97
267.47
267.97
268.47
268.97
269.47
269.97
270.47
271.47
271.97
272.47
272.97
273.47
274.47
274.97
275.97
276.47
277.47
277.97
278.47
278.97
279.47
279.97
280.47
280.97
281.47
281.97
282.47
282.97
283.47
283.97
284.47
284.97
285.47
285.97
286.47
286.97
287.47
287.97
288.47
288.97
289.47
289.97
290.47
290.97
291.47
292.47
292.97
293.47
293.97
294.47
294.97
295.97
296.47
296.97
297.47
297.97
298.47
298.97
299.47
299.97
300.47
300.97
301.47
301.97
302.47
302.97
303.47
303.97
304.47
304.97
305.47
305.97
306.47
306.97
307.47
307.97
308.47
308.97
309.47
309.97
310.47
311.47
311.97
312.47
312.97
313.47
313.97
314.47
314.97
315.47
315.97
316.47
316.97
317.47
318.47
318.97
319.47
319.97
320.47
320.97
321.47
321.97
322.47
322.97
323.97
324.47
324.97
325.47
325.97
326.47
326.97
327.47
327.97
328.47
329.47
329.97
330.47
330.97
331.47
331.97
332.47
332.97
333.47
333.97
334.47
334.97
335.47
335.97
336.47
336.97
337.47
337.97
338.97
339.47
339.97
340.47
340.97
341.47
341.97
342.47
342.97
343.47
343.97
344.47
344.97
345.47
346.47
346.97
347.47
347.97
348.47
348.97
349.47
349.97
350.47
350.97
351.47
351.97
352.47
352.97
353.47
353.97
354.47
354.97
355.47
355.97
356.47
356.97
357.47
357.97
358.47
358.97
359.47
359.97
360.47
360.97
361.47
361.97
362.47
362.97
363.97
364.47
364.97
365.47
365.97
366.47
366.97
367.47
367.97
368.47
368.97
369.47
369.97
370.47
370.97
371.47
371.97
372.47
373.47
373.97
374.47
375.47
375.97
376.47
376.97
377.47
377.97
378.47
378.97
379.47
379.97
380.47
380.97
381.47
381.97
382.47
382.97
383.47
383.97
384.47
384.97
385.47
385.97
386.97
387.47
387.97
388.47
388.97
389.47
389.97
390.47
390.97
391.47
391.97
393.47
393.97
394.47
395.47
396.97
397.47
398.47
398.97
399.47
399.97
400.47
400.97
401.47
401.97
402.47
402.97
403.47
403.97
404.47
404.97
406.47
406.97
407.47
407.97
408.47
408.97
409.47
409.97
410.47
410.97
411.47
411.97
412.47
412.97
413.47
413.97
414.97
415.47
415.97
416.47
416.97
417.47
417.97
418.47
418.97
419.97
420.47
420.97
421.47
421.97
422.47
423.47
423.97
424.47
424.97
425.47
425.97
426.47
426.97
427.47
427.97
428.47
428.97
429.47
429.97
430.47
430.97
431.47
431.97
432.47
432.97
433.47
434.47
434.97
435.47
435.97
436.47
436.97
437.47
437.97
438.47
438.97
439.47
439.97
440.47
440.97
441.47
441.97
442.47
442.97
443.97
444.47
445.47
445.97
446.97
447.47
447.97
448.47
448.97
449.47
449.97
450.47
450.97
451.47
451.97
452.47
452.97
453.47
453.97
454.47
454.97
455.47
455.97
456.47
456.97
457.47
457.97
458.97
459.47
459.97
460.47
460.97
461.47
461.97
462.47
462.97
463.47
463.97
464.47
464.97
465.47
465.97
466.47
466.97
467.97
468.47
468.97
469.47
470.97
471.47
471.97
472.47
472.97
473.47
474.47
474.97
475.47
475.97
476.47
476.97
477.47
477.97
478.47
478.97
479.47
479.97
480.47
480.97
481.47
481.97
482.97
483.47
484.47
484.97
485.47
485.97
486.47
486.97
487.47
487.97
488.47
488.97
489.47
489.97
490.47
490.97
491.47
491.97
492.97
493.47
493.97
494.47
494.97
495.47
496.47
496.97
497.97
498.47
498.97
499.47
499.97
500.47
500.97
501.47
501.97
502.47
502.97
503.47
503.97
504.47
504.97
505.47
505.97
506.47
506.97
507.47
507.97
508.47
508.97
509.47
509.97
510.47
510.97
511.47
511.97
512.47
512.97
513.47
514.47
515.47
515.97
516.47
516.97
517.97
518.47
518.97
519.47
519.97
520.47
520.97
521.47
521.97
522.47
522.97
523.47
523.97
524.47
525.47
525.97
526.47
526.97
527.47
527.97
528.47
528.97
529.47
529.97
530.47
530.97
531.47
531.97
532.47
532.97
533.47
533.97
534.47
535.97
536.47
536.97
537.97
538.97
539.47
539.97
540.47
540.97
541.47
541.97
542.47
542.97
543.47
543.97
544.47
545.97
546.47
546.97
547.47
547.97
548.47
548.97
549.47
549.97
550.47
550.97
551.47
551.97
552.97
553.47
553.97
554.47
554.97
555.47
555.97
556.47
556.97
557.47
557.97
558.47
558.97
559.47
559.97
560.47
560.97
561.47
561.97
562.47
562.97
563.47
563.97
564.47
564.97
565.47
565.97
566.47
566.97
567.47
567.97
568.97
569.97
570.47
570.97
571.47
571.97
572.47
572.97
573.47
573.97
574.47
574.97
575.47
575.97
576.47
576.97
577.47
577.97
578.47
578.97
579.47
579.97
580.47
580.97
581.47
581.97
582.47
582.97
583.47
583.97
584.47
584.97
585.47
585.97
586.47
586.97
587.47
587.97
588.47
588.97
589.47
589.97
590.47
590.97
591.47
591.97
592.47
592.97
593.47
593.97
594.47
594.97
595.47
596.47
596.97
597.47
597.97
598.47
598.97
599.47
599.97
600.47
600.97
601.97
602.47
602.97
603.47
603.97
604.47
604.97
605.47
605.97
606.47
606.97
607.47
607.97
608.97
609.97
610.47
610.97
611.47
611.97
612.47
612.97
613.47
613.97
614.47
614.97
615.47
615.97
616.47
616.97
617.47
618.47
618.97
619.47
619.97
620.47
620.97
621.47
621.97
622.47
622.97
623.47
623.97
624.47
624.97
625.47
625.97
626.47
626.97
627.47
627.97
628.47
628.97
629.47
629.97
630.47
630.97
631.97
632.47
632.97
633.47
633.97
634.47
634.97
635.47
635.97
636.47
636.97
637.47
637.97
638.47
638.97
639.47
639.97
640.47
640.97
641.47
641.97
642.47
642.97
643.47
643.97
644.47
645.47
645.97
646.47
646.97
647.47
647.97
648.47
648.97
649.47
649.97
650.47
651.47
651.97
652.47
652.97
653.47
653.97
654.47
654.97
655.47
655.97
656.47
656.97
657.47
657.97
658.47
658.97
659.47
659.97
660.47
660.97
661.47
661.97
662.47
662.97
663.47
663.97
664.47
664.97
665.47
665.97
666.47
666.97
667.47
667.97
668.47
668.97
669.47
669.97
670.47
670.97
671.47
671.97
672.47
672.97
673.47
673.97
674.47
674.97
675.47
675.97
676.47
676.97
677.47
677.97
678.47
678.97
679.47
679.97
680.47
680.97
681.47
681.97
682.47
683.47
683.97
684.47
684.97
685.47
685.97
686.47
686.97
687.47
687.97
688.47
688.97
689.47
689.97
690.47
690.97
691.47
691.97
692.47
692.97
693.47
693.97
694.47
694.97
695.97
696.47
696.97
697.47
697.97
698.47
698.97
699.47
699.97
700.47
700.97
701.47
701.97
702.47
702.97
703.47
703.97
704.47
704.97
705.47
705.97
706.97
707.47
707.97
708.47
708.97
709.47
709.97
710.47
710.97
711.47
711.97
712.47
712.97
713.47
713.97
714.47
714.97
715.47
715.97
716.47
716.97
717.47
717.97
718.47
718.97
719.47
719.97
720.47
720.97
721.47
721.97
722.47
722.97
723.47
723.97
724.47
724.97
725.47
725.97
726.47
726.97
727.47
728.47
728.97
729.47
729.97
730.47
730.97
731.47
731.97
732.47
732.97
733.47
733.97
734.47
734.97
735.47
735.97
737.97
738.47
738.97
739.47
739.97
740.47
740.97
741.47
741.97
742.47
742.97
743.47
743.97
744.47
744.97
745.97
746.47
746.97
747.47
747.97
748.47
748.97
749.47
749.97
750.47
750.97
751.47
751.97
752.47
752.97
753.47
753.97
754.47
754.97
755.47
755.97
756.47
756.97
757.47
757.97
758.47
758.97
759.97
760.97
761.47
761.97
763.97
764.47
765.47
765.97
766.47
766.97
767.47
767.97
768.47
768.97
769.47
769.97
770.47
770.97
771.47
772.47
772.97
773.47
773.97
774.47
774.97
775.47
775.97
776.47
776.97
777.47
777.97
778.47
778.97
779.47
779.97
780.47
780.97
781.47
781.97
782.47
782.97
783.47
783.97
784.47
784.97
785.97
786.47
786.97
787.47
787.97
788.47
788.97
789.97
790.47
790.97
791.47
792.47
792.97
793.47
793.97
794.47
795.97
796.47
796.97
797.47
797.97
798.47
798.97
799.47
799.97
800.47
800.97
801.47
801.97
802.97
803.47
803.97
804.47
804.97
805.47
805.97
806.47
807.47
807.97
808.47
808.97
809.47
809.97
810.47
810.97
811.47
811.97
812.47
812.97
813.47
813.97
814.47
814.97
815.47
815.97
816.47
816.97
817.47
817.97
818.47
818.97
819.47
819.97
820.47
820.97
821.47
821.97
822.47
822.97
823.47
823.97
824.47
824.97
825.47
825.97
826.47
826.97
827.47
827.97
828.47
828.97
829.47
829.97
830.47
830.97
831.47
831.97
832.47
832.97
833.47
833.97
834.47
834.97
835.47
835.97
836.47
836.97
837.47
837.97
838.47
838.97
839.47
839.97
840.47
840.97
841.47
842.47
842.97
843.47
843.97
844.47
844.97
845.97
846.47
846.97
847.47
847.97
848.47
848.97
849.47
849.97
850.47
850.97
851.47
851.97
852.47
852.97
853.47
853.97
854.97
855.47
855.97
856.47
856.97
857.47
857.97
858.47
858.97
859.47
859.97
860.47
860.97
861.47
861.97
862.47
862.97
863.47
863.97
864.47
864.97
865.47
865.97
866.47
866.97
867.47
867.97
868.97
869.47
869.97
870.47
870.97
871.47
871.97
872.47
872.97
873.47
873.97
874.47
874.97
875.47
875.97
876.47
876.97
877.47
877.97
878.47
878.97
879.47
879.97
880.47
880.97
881.47
881.97
882.47
882.97
883.47
883.97
884.47
884.97
885.47
885.97
886.47
886.97
887.47
887.97
888.47
888.97
889.47
889.97
890.47
890.97
891.47
891.97
892.47
892.97
893.47
893.97
894.47
894.97
895.47
895.97
896.97
897.47
897.97
898.47
898.97
899.47
899.97
900.47
900.97
901.47
901.97
902.47
902.97
903.47
903.97
904.47
904.97
905.47
905.97
906.47
906.97
907.47
907.97
908.47
908.97
909.47
909.97
910.47
910.97
911.47
911.97
912.47
912.97
913.47
913.97
914.47
914.97
915.47
915.97
916.47
916.97
917.47
917.97
918.47
918.97
919.97
920.47
920.97
921.47
921.97
922.47
922.97
923.47
923.97
924.97
925.47
925.97
926.47
926.97
927.47
928.47
928.97
929.47
929.97
930.47
930.97
931.47
931.97
932.47
932.97
933.47
933.97
934.47
934.97
935.47
935.97
936.47
936.97
937.47
937.97
938.47
938.97
939.47
939.97
940.47
940.97
941.97
942.47
942.97
943.47
943.97
944.47
944.97
945.97
946.47
946.97
947.47
947.97
948.47
948.97
949.47
949.97
950.47
950.97
951.47
951.97
952.47
952.97
953.47
953.97
954.47
954.97
955.47
955.97
956.47
956.97
957.47
957.97
958.97
959.47
960.47
960.97
961.97
962.97
963.47
963.97
964.47
964.97
965.47
965.97
966.47
966.97
967.47
967.97
968.47
968.97
969.47
969.97
970.47
970.97
971.47
971.97
972.47
972.97
973.47
973.97
974.47
974.97
975.47
975.97
976.47
976.97
977.47
977.97
978.47
978.97
980.47
980.97
981.47
981.97
982.47
982.97
983.47
983.97
984.47
984.97
985.47
985.97
986.47
986.97
987.47
987.97
988.47
988.97
989.47
990.47
990.97
991.47
991.97
992.47
992.97
993.47
993.97
994.47
994.97
995.47
996.47
996.97
997.47
997.97
998.47
998.97
999.47
999.97
1000.47
1000.97
1001.47
1001.97
1002.47
1002.97
1003.47
1003.97
1004.97
1005.47
1005.97
1006.47
1006.97
1007.47
1007.97
1008.47
1008.97
1009.97
1010.97
1011.47
1012.47
1012.97
1013.47
1013.97
1014.97
1015.47
1016.47
1016.97
1017.47
1017.97
1018.47
1018.97
1019.47
1019.97
1020.47
1020.97
1021.47
1021.97
1022.47
1023.97
1024.47
1024.97
1025.47
1025.97
1026.47
1026.97
1027.47
1027.97
1028.47
1028.97
1029.47
1029.97
1030.47
1030.97
1031.47
1031.97
1032.47
1032.97
1033.47
1033.97
1034.47
1034.97
1035.47
1035.97
1036.47
1037.47
1037.97
1038.47
1038.97
1039.47
1039.97
1040.47
1040.97
1041.47
1041.97
1042.47
1042.97
1043.47
1043.97
1044.47
1044.97
1045.47
1046.47
1047.47
1047.97
1048.47
1048.97
1049.47
1049.97
1050.47
1050.97
1051.47
1051.97
1052.47
1052.97
1053.47
1053.97
1054.47
1054.97
1055.47
1055.97
1056.47
1056.97
1057.97
1058.47
1058.97
1059.47
1059.97
1060.47
1060.97
1061.47
1061.97
1062.47
1062.97
1064.97
1065.47
1065.97
1066.97
1067.47
1067.97
1068.97
1069.47
1069.97
1070.47
1070.97
1071.47
1071.97
1072.47
1072.97
1073.47
1073.97
1074.47
1074.97
1075.47
1075.97
1076.47
1076.97
1077.47
1077.97
1078.47
1078.97
1079.47
1079.97
1080.47
1080.97
1081.47
1081.97
1082.97
1083.47
1083.97
1084.47
1084.97
1085.97
1086.47
1086.97
1087.47
1087.97
1088.47
1088.97
1089.47
1089.97
1090.47
1090.97
1091.47
1091.97
1092.47
1094.47
1094.97
1095.47
1095.97
1096.97
1097.47
1097.97
1098.47
1098.97
1099.47
1099.97
1100.47
1101.97
1102.47
1102.97
1103.47
1103.97
1104.47
1104.97
1105.47
1105.97
1106.47
1106.97
1107.47
1108.47
1109.47
1109.97
1110.47
1110.97
1111.97
1112.47
1112.97
1113.97
1114.97
1115.47
1115.97
1116.47
1116.97
1117.47
1117.97
1118.47
1118.97
1119.47
1119.97
1120.47
1120.97
1121.47
1121.97
1122.97
1123.47
1123.97
1124.47
1124.97
1125.47
1125.97
1126.97
1127.47
1128.47
1128.97
1129.47
1129.97
1130.47
1130.97
1131.47
1131.97
1132.47
1132.97
1133.47
1133.97
1134.47
1134.97
1135.47
1135.97
1136.47
1136.97
1137.47
1137.97
1138.47
1138.97
1139.47
1139.97
1140.97
1141.47
1141.97
1142.47
1142.97
1143.47
1143.97
1144.47
1144.97
1145.47
1145.97
1146.97
1147.47
1147.97
1148.47
1148.97
1149.47
1149.97
1150.47
1150.97
1151.97
1152.47
1152.97
1153.47
1153.97
1154.47
1154.97
1155.97
1156.47
1156.97
1157.47
1157.97
1158.97
1159.47
1159.97
1160.97
1161.97
1162.47
1162.97
1163.47
1163.97
1164.47
1164.97
1165.47
1165.97
1166.47
1166.97
1167.47
1167.97
1168.97
1169.47
1169.97
1170.47
1170.97
1171.47
1172.47
1172.97
1173.47
1173.97
1174.47
1174.97
1175.47
1175.97
1176.47
1176.97
1177.47
1177.97
1178.47
1178.97
1179.47
1179.97
1180.47
1180.97
1181.47
1181.97
1182.47
1182.97
1183.47
1183.97
1184.47
1184.97
1185.47
1185.97
1186.47
1186.97
1187.47
1187.97
1188.47
1188.97
1189.47
1189.97
1190.47
1190.97
1191.47
1192.47
1192.97
1193.97
1194.47
1194.97
1195.47
1195.97
1196.97
1197.47
1197.97
1198.47
1198.97
1199.47
1199.97
1200.47
1200.97
1201.97
1202.47
1202.97
1203.47
1203.97
1204.47
1204.97
1205.47
1205.97
1206.47
1206.97
1207.47
1207.97
1208.47
1208.97
1209.47
1209.97
1210.47
1210.97
1211.47
1211.97
1212.47
1212.97
1213.47
1213.97
1214.47
1214.97
1215.47
1215.97
1216.47
1216.97
1217.47
1217.97
1218.47
1218.97
1219.47
1220.47
1220.97
1221.47
1222.47
1222.97
1223.47
1223.97
1224.47
1224.97
1225.47
1225.97
1226.97
1227.47
1227.97
1228.47
1228.97
1229.47
1229.97
1230.47
1230.97
1231.47
1231.97
1232.47
1232.97
1233.47
1233.97
1234.47
1235.47
1235.97
1236.47
1236.97
1237.47
1237.97
1238.47
1238.97
1239.47
1239.97
1240.47
1240.97
1241.47
1241.97
1242.47
1242.97
1243.97
1244.47
1244.97
1246.97
1247.47
1247.97
1248.47
1248.97
1249.47
1249.97
1250.47
1250.97
1251.47
1251.97
1252.47
1252.97
1253.47
1253.97
1254.47
1254.97
1255.47
1255.97
1256.47
1257.47
1258.97
1259.97
1260.47
1261.47
1261.97
1262.47
1262.97
1263.47
1263.97
1264.47
1264.97
1265.47
1265.97
1266.47
1266.97
1267.47
1267.97
1268.47
1268.97
1269.47
1269.97
1270.47
1270.97
1271.97
1272.47
1272.97
1273.47
1273.97
1274.47
1274.97
1275.47
1275.97
1276.97
1277.47
1277.97
1278.47
1278.97
1279.47
1279.97
1280.47
1280.97
1281.47
1281.97
1282.47
1283.47
1283.97
1284.47
1284.97
1285.97
1286.47
1286.97
1287.47
1287.97
1288.47
1288.97
1289.47
1289.97
1290.47
1290.97
1291.47
1291.97
1292.47
1292.97
1293.47
1293.97
1294.47
1294.97
1295.47
1295.97
1296.47
1297.47
1297.97
1298.47
1298.97
1299.47
1299.97
1300.47
1300.97
1301.47
1301.97
1302.47
1302.97
1303.47
1303.97
1304.47
1304.97
1305.47
1305.97
1306.47
1306.97
1307.97
1308.47
1308.97
1309.47
1309.97
1310.47
1310.97
1311.47
1311.97
1312.47
1312.97
1313.47
1313.97
1314.47
1314.97
1315.47
1315.97
1316.47
1316.97
1317.47
1317.97
1318.47
1318.97
1319.47
1319.97
1320.47
1320.97
1321.47
1321.97
1322.47
1322.97
1323.47
1323.97
1324.47
1324.97
1325.47
1326.47
1326.97
1327.47
1327.97
1328.47
1328.97
1329.47
1329.97
1330.47
1330.97
1331.97
1332.97
1333.47
1333.97
1334.47
1334.97
1335.47
1335.97
1336.47
1336.97
1337.97
1338.97
1339.47
1339.97
1340.47
1340.97
1341.47
1341.97
1342.47
1343.47
1343.97
1344.47
1344.97
1345.47
1345.97
1346.47
1347.47
1347.97
1348.47
1348.97
1349.47
1349.97
1350.47
1350.97
1351.47
1351.97
1352.47
1352.97
1353.47
1353.97
1354.47
1354.97
1355.47
1355.97
1356.47
1356.97
1357.47
1357.97
1358.47
1358.97
1359.47
1359.97
1360.47
1360.97
1361.47
1361.97
1362.47
1362.97
1363.47
1363.97
1364.47
1364.97
1365.47
1365.97
1366.47
1366.97
1367.47
1367.97
1368.97
1369.47
1369.97
1370.47
1370.97
1371.47
1371.97
1372.47
1372.97
1373.47
1373.97
1374.47
1374.97
1375.47
1375.97
1376.47
1376.97
1378.47
1378.97
1379.47
1379.97
1380.47
1380.97
1381.47
1381.97
1382.47
1383.47
1383.97
1384.47
1384.97
1385.47
1385.97
1386.47
1386.97
1387.47
1387.97
1388.47
1389.47
1389.97
1390.47
1390.97
1391.47
1391.97
1392.47
1392.97
1393.47
1393.97
1394.47
1396.97
1397.47
1397.97
1398.47
1398.97
1399.47
1399.97
1400.47
1400.97
1401.47
1401.97
1402.47
1402.97
1403.47
1403.97
1404.47
1404.97
1405.47
1405.97
1406.47
1406.97
1407.47
1407.97
1408.97
1409.47
1409.97
1410.47
1411.47
1411.97
1412.47
1412.97
1413.47
1413.97
1414.47
1414.97
1415.47
1415.97
1416.47
1416.97
1417.47
1417.97
1418.47
1418.97
1419.47
1419.97
1420.47
1420.97
1421.47
1421.97
1422.47
1422.97
1423.47
1424.47
1424.97
1425.47
1425.97
1426.47
1426.97
1427.47
1427.97
1428.47
1429.47
1429.97
1430.47
1430.97
1431.47
1431.97
1432.47
1432.97
1433.47
1433.97
1435.47
1435.97
1436.47
1436.97
1437.47
1437.97
1438.47
1438.97
1439.97
1440.47
1440.97
1441.47
1441.97
1442.47
1442.97
1443.47
1443.97
1444.47
1444.97
1445.47
1445.97
1446.47
1447.47
1447.97
1448.47
1448.97
1449.47
1449.97
1450.47
1450.97
1451.47
1451.97
1452.47
1452.97
1453.47
1453.97
1454.47
1454.97
1455.47
1455.97
1456.47
1457.47
1457.97
1459.47
1459.97
1460.97
1461.47
1461.97
1462.47
1462.97
1463.47
1463.97
1464.47
1464.97
1465.47
1465.97
1466.47
1466.97
1467.47
1467.97
1468.47
1468.97
1469.47
1469.97
1470.47
1470.97
1471.47
1471.97
1472.47
1472.97
1473.47
1473.97
1474.47
1474.97
1475.47
1475.97
1476.47
1476.97
1477.47
1477.97
1478.47
1478.97
1479.47
1479.97
1480.47
1480.97
1481.47
1481.97
1482.47
1482.97
1483.47
1483.97
1484.47
1484.97
1485.47
1485.97
1486.47
1486.97
1487.47
1488.47
1489.47
1489.97
1490.97
1491.47
1491.97
1492.47
1492.97
1493.47
1493.97
1494.47
1494.97
1495.47
1495.97
1496.97
1497.47
1497.97
1498.47
1499.97
1500.47
1500.97
1501.47
1501.97
1502.47
1502.97
1503.47
1503.97
1504.47
1504.97
1505.47
1505.97
1506.47
1506.97
1507.47
1507.97
1508.47
1508.97
1509.47
1509.97
1510.47
1510.97
1511.47
1511.97
1512.47
1512.97
1513.97
1514.47
1514.97
1515.47
1516.47
1516.97
1517.47
1517.97
1519.47
1519.97
1520.47
1520.97
1521.47
1521.97
1522.47
1523.47
1523.97
1524.47
1524.97
1525.47
1525.97
1526.47
1526.97
1527.47
1527.97
1528.47
1528.97
1529.47
1529.97
1530.47
1530.97
1531.47
1531.97
1532.47
1532.97
1533.47
1533.97
1534.47
1534.97
1535.47
1535.97
1536.47
1536.97
1537.47
1537.97
1538.47
1538.97
1539.47
1539.97
1540.47
1540.97
1541.47
1541.97
1542.47
1542.97
1543.47
1543.97
1544.47
1544.97
1545.47
1545.97
1546.47
1547.47
1548.47
1548.97
1549.47
1549.97
1550.97
1551.47
1551.97
1552.47
1552.97
1553.47
1553.97
1554.47
1554.97
1555.47
1555.97
1556.47
1556.97
1557.47
1557.97
1558.97
1559.47
1559.97
1560.47
1560.97
1561.47
1561.97
1562.47
1562.97
1563.47
1563.97
1564.47
1564.97
1565.47
1565.97
1566.47
1566.97
1567.47
1567.97
1568.47
1568.97
1569.47
1569.97
1570.47
1570.97
1571.47
1571.97
1572.47
1572.97
1573.47
1573.97
1574.47
1574.97
1575.47
1575.97
1576.47
1576.97
1577.47
1578.47
1578.97
1579.47
1580.97
1581.47
1581.97
1582.47
1582.97
1583.47
1583.97
1584.47
1584.97
1585.47
1586.47
1586.97
1587.47
1587.97
1588.47
1588.97
1589.47
1589.97
1590.47
1590.97
1591.47
1591.97
1592.97
1593.47
1593.97
1594.97
1595.47
1595.97
1596.47
1597.47
1598.97
1599.47
1599.97
1600.97
1601.47
1601.97
1602.47
1602.97
1603.47
1603.97
1604.47
1604.97
1605.47
1605.97
1606.47
1606.97
1607.47
1607.97
1608.47
1608.97
1609.47
1609.97
1611.47
1611.97
1612.47
1612.97
1613.47
1613.97
1614.47
1614.97
1615.97
1616.47
1616.97
1617.47
1617.97
1618.47
1618.97
1619.47
1619.97
1620.47
1620.97
1621.47
1621.97
1622.47
1622.97
1623.47
1623.97
1624.47
1624.97
1625.47
1625.97
1626.47
1626.97
1627.47
1627.97
1628.47
1628.97
1629.47
1629.97
1630.47
1630.97
1631.47
1631.97
1632.47
1632.97
1633.47
1633.97
1634.47
1634.97
1635.47
1635.97
1636.47
1636.97
1637.47
1637.97
1638.47
1638.97
1639.47
1639.97
1640.47
1640.97
1641.47
1641.97
1642.47
1642.97
1643.47
1643.97
1644.47
1644.97
1645.47
1645.97
1646.47
1647.47
1647.97
1648.47
1648.97
1649.47
1649.97
1650.47
1650.97
1651.47
1651.97
1652.47
1652.97
1653.47
1653.97
1654.47
1654.97
1655.47
1655.97
1656.97
1657.47
1657.97
1658.47
1659.47
1659.97
1660.47
1660.97
1661.47
1661.97
1662.47
1662.97
1663.47
1663.97
1664.47
1664.97
1665.47
1665.97
1666.47
1666.97
1667.47
1667.97
1668.47
1669.47
1669.97
1670.47
1670.97
1671.47
1671.97
1672.47
1672.97
1673.47
1673.97
1674.47
1675.47
1675.97
1676.47
1676.97
1677.47
1677.97
1678.47
1678.97
1679.47
1679.97
1680.47
1680.97
1681.47
1681.97
1682.47
1682.97
1683.47
1684.47
1684.97
1685.47
1685.97
1686.47
1686.97
1687.47
1687.97
1688.47
1688.97
1689.47
1689.97
1690.47
1691.97
1692.47
1692.97
1693.47
1693.97
1694.47
1694.97
1695.47
1695.97
1696.47
1696.97
1697.97
1698.47
1698.97
1699.97
1700.47
1700.97
1701.47
1701.97
1702.47
1702.97
1703.47
1703.97
1704.47
1704.97
1705.47
1705.97
1706.47
1706.97
1707.47
1707.97
1708.47
1708.97
1709.47
1709.97
1710.47
1710.97
1711.47
1711.97
1712.47
1712.97
1713.47
1713.97
1714.47
1714.97
1715.47
1715.97
1716.47
1716.97
1717.47
1717.97
1718.97
1719.47
1719.97
1720.47
1720.97
1721.47
1721.97
1722.47
1722.97
1723.47
1723.97
1724.47
1724.97
1725.47
1725.97
1726.47
1726.97
1727.97
1728.97
1729.47
1729.97
1730.47
1730.97
1731.47
1731.97
1732.47
1733.47
1733.97
1734.47
1734.97
1735.47
1735.97
1736.47
1736.97
1737.47
1737.97
1738.47
1738.97
1739.47
1739.97
1740.47
1740.97
1741.47
1741.97
1742.47
1742.97
1743.47
1743.97
1744.47
1744.97
1745.47
1745.97
1746.47
1746.97
1747.47
1747.97
1748.47
1748.97
1749.47
1749.97
1750.47
1750.97
1751.47
1751.97
1752.47
1753.97
1754.47
1754.97
1755.47
1755.97
1756.47
1756.97
1757.47
1757.97
1758.47
1758.97
1759.47
1759.97
1761.97
1762.97
1763.47
1763.97
1764.47
1764.97
1765.47
1765.97
1766.47
1766.97
1767.47
1767.97
1768.47
1768.97
1769.47
1769.97
1770.47
1770.97
1771.47
1771.97
1772.47
1772.97
1773.47
1773.97
1774.47
1774.97
1775.47
1775.97
1776.47
1776.97
1777.47
1777.97
1778.47
1778.97
1779.47
1779.97
1780.97
1781.47
1781.97
1782.47
1782.97
1783.47
1783.97
1784.47
1784.97
1785.47
1785.97
1786.47
1786.97
1787.47
1787.97
1788.47
1788.97
1789.47
1789.97
1790.47
1790.97
1791.47
1791.97
1792.47
1793.47
1793.97
1794.47
1794.97
1795.47
1795.97
1796.47
1796.97
1797.47
1798.47
1798.97
1799.47
1799.97
1800.47
1800.97
1801.47
1801.97
1802.47
1802.97
1803.47
1803.97
1804.47
1804.97
1805.97
1806.47
1806.97
1807.47
1808.47
1808.97
1809.47
1809.97
1810.47
1810.97
1811.47
1811.97
1812.47
1812.97
1813.47
1813.97
1814.47
1814.97
1815.47
1816.47
1816.97
1817.47
1817.97
1818.47
1818.97
1819.47
1819.97
1820.47
1820.97
1821.47
1822.97
1823.47
1823.97
1824.47
1824.97
1825.47
1825.97
1826.47
1826.97
1827.47
1827.97
1828.47
1828.97
1829.47
1829.97
1830.47
1830.97
1831.47
1831.97
1832.47
1832.97
1833.47
1833.97
1834.47
1834.97
1835.47
1835.97
1836.47
1836.97
1837.47
1837.97
1838.47
1838.97
1839.47
1839.97
1840.47
1840.97
1841.47
1841.97
1842.47
1842.97
1843.97
1844.47
1844.97
1845.47
1845.97
1846.47
1846.97
1847.47
1847.97
1848.97
1849.97
1850.47
1850.97
1851.47
1851.97
1852.47
1852.97
1853.47
1853.97
1854.47
1854.97
1855.47
1855.97
1856.47
1856.97
1857.47
1857.97
1858.47
1858.97
1859.47
1860.47
1860.97
1861.47
1861.97
1862.47
1862.97
1863.47
1863.97
1864.47
1864.97
1865.47
1865.97
1866.47
1866.97
1867.47
1867.97
1868.47
1868.97
1869.47
1869.97
1870.47
1870.97
1871.47
1871.97
1872.47
1872.97
1873.47
1873.97
1874.47
1874.97
1875.47
1875.97
1876.47
1876.97
1877.47
1877.97
1878.47
1878.97
1879.47
1879.97
1880.47
1880.97
1881.47
1881.97
1882.47
1882.97
1883.47
1883.97
1884.47
1884.97
1885.47
1885.97
1886.47
1886.97
1887.47
1887.97
1888.47
1888.97
1889.47
1889.97
1890.47
1890.97
1891.47
1891.97
1892.47
1892.97
1893.47
1893.97
1894.47
1894.97
1895.97
1896.47
1896.97
1897.97
1898.47
1899.47
1899.97
1900.97
1901.47
1901.97
1902.47
1902.97
1903.47
1903.97
1904.47
1904.97
1905.47
1905.97
1906.47
1906.97
1907.47
1907.97
1908.47
1908.97
1909.47
1910.47
1910.97
1911.47
1911.97
1912.47
1913.97
1914.47
1914.97
1915.47
1915.97
1916.47
1916.97
1917.47
1917.97
1918.47
1918.97
1919.47
1920.47
1920.97
1921.47
1921.97
1922.47
1922.97
1923.47
1923.97
1924.47
1924.97
1925.47
1926.47
1926.97
1927.47
1927.97
1928.47
1928.97
1929.47
1929.97
1930.47
1930.97
1931.47
1931.97
1932.47
1932.97
1933.47
1933.97
1934.47
1934.97
1935.47
1935.97
1936.47
1936.97
1937.47
1938.47
1938.97
1939.47
1940.47
1940.97
1941.47
1941.97
1942.47
1942.97
1943.47
1943.97
1944.47
1944.97
1945.47
1945.97
1946.47
1946.97
1947.97
1948.47
1949.47
1949.97
1950.47
1950.97
1951.47
1952.97
1953.47
1953.97
1954.47
1954.97
1955.47
1955.97
1956.47
1956.97
1957.47
1957.97
1958.47
1958.97
1959.47
1959.97
1960.47
1960.97
1961.97
1962.47
1962.97
1963.47
1964.47
1964.97
1965.47
1965.97
1966.47
1966.97
1967.47
1967.97
1968.47
1968.97
1969.47
1969.97
1970.47
1970.97
1971.97
1972.47
1972.97
1973.47
1973.97
1974.47
1974.97
1975.47
1975.97
1976.47
1976.97
1977.47
1977.97
1978.97
1979.47
1979.97
1980.47
1980.97
1982.47
1982.97
1983.47
1983.97
1984.47
1984.97
1985.47
1985.97
1986.47
1986.97
1987.47
1987.97
1988.47
1988.97
1989.47
1989.97
1990.47
1990.97
1991.47
1991.97
1992.47
1992.97
1993.47
1993.97
1994.47
1994.97
1995.97
1996.47
1996.97
1997.47
1998.47
1998.97
1999.47
1999.97
2000.47
2000.97
2001.47
2001.97
2002.47
2002.97
2003.47
2003.97
2004.97
2005.47
2005.97
2006.47
2006.97
2007.47
2007.97
2008.47
2009.47
2009.97
2010.47
2010.97
2011.47
2011.97
2012.47
2012.97
2013.47
2013.97
2014.47
2014.97
2015.47
2015.97
2016.47
2016.97
2017.47
2017.97
2018.47
2018.97
2019.47
2019.97
2020.47
2021.47
2021.97
2022.47
2022.97
2023.47
2023.97
2024.97
2025.47
2025.97
2026.47
2026.97
2027.47
2027.97
2028.47
2028.97
2029.97
2030.47
2030.97
2031.47
2031.97
2032.47
2032.97
2033.47
2033.97
2035.47
2035.97
2036.47
2036.97
2037.47
2037.97
2038.47
2038.97
2039.47
2039.97
2040.47
2040.97
2041.47
2041.97
2042.97
2043.47
2044.97
2045.97
2046.47
2046.97
2047.97
2048.47
2048.97
2049.47
2049.97
2051.47
2051.97
2052.47
2052.97
2053.47
2053.97
2054.47
2054.97
2055.47
2055.97
2056.47
2056.97
2057.47
2057.97
2058.47
2058.97
2059.47
2059.97
2060.47
2060.97
2061.47
2061.97
2062.47
2062.97
2063.47
2063.97
2064.97
2065.47
2065.97
2066.47
2066.97
2067.47
2067.97
2068.47
2068.97
2069.47
2069.97
2070.47
2070.97
2071.47
2071.97
2072.47
2072.97
2073.47
2073.97
2074.47
2074.97
2075.47
2075.97
2076.47
2076.97
2077.97
2078.47
2078.97
2079.47
2079.97
2080.47
2080.97
2081.97
2082.47
2082.97
2083.47
2083.97
2084.47
2084.97
2085.47
2085.97
2086.47
2087.47
2087.97
2088.47
2088.97
2089.47
2089.97
2090.47
2090.97
2091.47
2091.97
2092.47
2092.97
2093.47
2093.97
2094.47
2094.97
2095.47
2095.97
2096.47
2096.97
2097.47
2098.47
2098.97
2099.47
2099.97
2100.47
2101.47
2101.97
2102.47
2102.97
2103.97
2104.47
2104.97
2105.47
2106.47
2106.97
2107.47
2107.97
2108.47
2108.97
2109.47
2109.97
2110.47
2110.97
2111.47
2111.97
2112.47
2112.97
2113.47
2113.97
2114.47
2114.97
2115.47
2115.97
2116.47
2116.97
2117.47
2117.97
2118.47
2118.97
2119.47
2119.97
2120.47
2120.97
2121.47
2121.97
2122.47
2122.97
2123.47
2123.97
2124.47
2124.97
2125.47
2125.97
2126.97
2127.47
2127.97
2128.47
2128.97
2129.47
2129.97
2130.47
2130.97
2131.47
2131.97
2132.47
2132.97
2133.47
2133.97
2134.47
2134.97
2135.47
2135.97
2136.47
2136.97
2137.47
2137.97
2138.47
2138.97
2139.47
2140.47
2140.97
2141.47
2141.97
2142.47
2142.97
2143.47
2143.97
2144.47
2144.97
2145.47
2145.97
2146.47
2146.97
2147.97
2148.47
2148.97
2149.47
2149.97
2150.97
2151.47
2151.97
2152.47
2152.97
2153.47
2153.97
2154.47
2155.97
2156.47
2156.97
2157.47
2157.97
2158.47
2158.97
2159.47
2159.97
2160.47
2160.97
2161.47
2161.97
2162.47
2162.97
2163.47
2163.97
2164.47
2164.97
2165.47
2165.97
2166.47
2166.97
2167.47
2167.97
2168.47
2168.97
2169.97
2170.47
2170.97
2171.47
2171.97
2172.47
2172.97
2173.47
2173.97
2174.47
2174.97
2175.47
2175.97
2176.47
2176.97
2177.47
2177.97
2178.47
2178.97
2179.47
2179.97
2180.47
2180.97
2181.47
2181.97
2182.47
2182.97
2183.47
2183.97
2184.47
2184.97
2185.47
2186.47
2186.97
2187.47
2187.97
2188.47
2188.97
2189.97
2190.47
2190.97
2191.47
2191.97
2192.47
2192.97
2193.47
2193.97
2194.47
2194.97
2195.47
2195.97
2196.47
2197.47
2197.97
2198.47
2198.97
2199.47
2199.97
2200.97
2201.47
2202.47
2202.97
2203.47
2203.97
2204.47
2204.97
2205.47
2205.97
2206.47
2206.97
2207.47
2207.97
2208.47
2208.97
2209.47
2209.97
2210.47
2210.97
2211.47
2211.97
2212.47
2212.97
2213.47
2213.97
2214.47
2214.97
2215.47
2215.97
2216.47
2216.97
2217.47
2218.47
2218.97
2219.47
2219.97
2220.47
2220.97
2221.47
2221.97
2222.47
2222.97
2223.47
2223.97
2224.47
2224.97
2225.47
2225.97
2226.47
2226.97
2227.47
2227.97
2228.47
2229.47
2229.97
2230.47
2230.97
2231.47
2231.97
2232.47
2232.97
2233.47
2233.97
2234.47
2235.47
2235.97
2236.47
2236.97
2237.47
2237.97
2238.47
2238.97
2239.47
2239.97
2240.47
2240.97
2241.47
2241.97
2242.47
2242.97
2243.47
2243.97
2244.47
2244.97
2245.47
2245.97
2246.47
2246.97
2247.97
2248.47
2248.97
2249.47
2249.97
2250.47
2250.97
2251.47
2252.47
2252.97
2253.47
2253.97
2254.47
2254.97
2255.47
2255.97
2256.97
2257.47
2257.97
2258.47
2258.97
2259.47
2259.97
2260.47
2260.97
2261.47
2261.97
2262.47
2262.97
2263.47
2263.97
2264.47
2264.97
2265.47
2265.97
2266.47
2266.97
2267.47
2267.97
2268.47
2268.97
2269.47
2269.97
2270.47
2270.97
2271.47
2271.97
2272.47
2272.97
2273.47
2273.97
2274.47
2274.97
2275.47
2275.97
2276.47
2276.97
2277.47
2277.97
2278.47
2278.97
2279.47
2280.47
2280.97
2281.47
2281.97
2282.47
2282.97
2283.47
2283.97
2284.47
2284.97
2285.47
2285.97
2286.47
2286.97
2287.47
2287.97
2288.47
2288.97
2289.47
2289.97
2290.47
2290.97
2291.47
2291.97
2292.47
2292.97
2293.97
2294.97
2295.47
2295.97
2296.47
2297.47
2297.97
2298.47
2298.97
2299.47
2299.97
2300.47
2300.97
2301.47
2301.97
2302.47
2302.97
2303.47
2303.97
2304.47
2304.97
2305.47
2305.97
2306.47
2306.97
2307.97
2308.47
2308.97
2309.47
2309.97
2310.47
2310.97
2311.47
2311.97
2312.47
2312.97
2313.47
2313.97
2314.47
2314.97
2315.47
2315.97
2316.47
2316.97
2317.97
2318.47
2318.97
2319.47
2319.97
2320.47
2321.47
2321.97
2322.47
2323.97
2324.47
2324.97
2325.47
2325.97
2326.47
2326.97
2328.47
2328.97
2329.47
2329.97
2330.47
2330.97
2331.47
2331.97
2332.47
2332.97
2333.97
2334.47
2335.47
2335.97
2336.47
2336.97
2338.47
2338.97
2339.47
2339.97
2340.47
2340.97
2341.47
2341.97
2342.47
2343.47
2343.97
2344.47
2344.97
2345.47
2345.97
2346.47
2347.47
2347.97
2348.47
2349.47
2349.97
2350.47
2350.97
2351.47
2351.97
2352.47
2353.47
2354.47
2354.97
2355.47
2355.97
2356.47
2356.97
2357.47
2357.97
2358.47
2358.97
2359.47
2359.97
2360.47
2360.97
2361.47
2361.97
2362.47
2362.97
2363.47
2363.97
2364.47
2364.97
2365.47
2365.97
2366.47
2366.97
2367.47
2367.97
2368.97
2369.97
2370.47
2370.97
2371.47
2371.97
2372.47
2372.97
2373.97
2374.47
2374.97
2375.47
2375.97
2376.47
2376.97
2377.47
2377.97
2378.47
2378.97
2379.47
2379.97
2380.47
2380.97
2381.47
2381.97
2382.47
2382.97
2383.47
2383.97
2384.47
2384.97
2385.47
2385.97
2386.47
2386.97
2387.47
2388.47
2388.97
2389.47
2389.97
2390.47
2390.97
2391.47
2391.97
2392.47
2392.97
2393.47
2393.97
2394.47
2394.97
2395.47
2395.97
2396.47
2397.47
2397.97
2398.47
2398.97
2399.47
2399.97
2400.47
2400.97
2401.47
2401.97
2402.47
2402.97
2403.47
2403.97
2404.47
2404.97
2405.47
2405.97
2406.47
2406.97
2407.47
2407.97
2408.47
2409.47
2409.97
2410.47
2410.97
2411.47
2411.97
2412.47
2412.97
2413.47
2413.97
2414.47
2414.97
2415.97
2416.47
2416.97
2417.47
2417.97
2418.47
2418.97
2419.47
2419.97
2420.47
2420.97
2422.47
2422.97
2423.47
2423.97
2424.47
2424.97
2425.47
2426.47
2426.97
2427.47
2427.97
2428.97
2429.47
2429.97
2430.47
2430.97
2431.47
2431.97
2432.97
2433.97
2434.47
2434.97
2435.47
2435.97
2436.47
2436.97
2437.47
2438.47
2438.97
2439.97
2440.47
2440.97
2441.47
2441.97
2442.47
2442.97
2443.47
2443.97
2444.47
2444.97
2445.47
2445.97
2446.47
2446.97
2447.97
2448.47
2448.97
2449.47
2450.47
2450.97
2451.47
2451.97
2452.47
2452.97
2453.47
2454.97
2455.47
2455.97
2456.47
2456.97
2457.47
2457.97
2458.47
2458.97
2459.97
2460.47
2460.97
2461.47
2462.47
2463.47
2463.97
2464.47
2464.97
2465.47
2465.97
2466.47
2466.97
2467.47
2467.97
2468.47
2468.97
2469.47
2469.97
2470.47
2470.97
2471.47
2471.97
2472.47
2472.97
2473.47
2473.97
2474.47
2475.97
2476.47
2476.97
2477.47
2477.97
2478.47
2478.97
2479.47
2479.97
2480.47
2480.97
2481.47
2481.97
2482.47
2482.97
2483.47
2483.97
2484.47
2484.97
2485.47
2485.97
2486.47
2486.97
2487.47
2488.47
2488.97
2489.47
2489.97
2490.47
2490.97
2491.47
2491.97
2492.47
2492.97
2493.47
2493.97
2494.47
2494.97
2495.47
2495.97
2496.47
2496.97
2497.97
2498.47
2498.97
2500.47
2500.97
2501.47
2502.97
2503.47
2503.97
2504.47
2504.97
2505.47
2505.97
2506.47
2506.97
2507.47
2507.97
2508.47
2508.97
2509.47
2509.97
2510.47
2510.97
2511.47
2511.97
2512.47
2512.97
2513.47
2513.97
2514.47
2514.97
2515.47
2515.97
2516.47
2516.97
2517.47
2517.97
2518.47
2518.97
2519.47
2519.97
2520.47
2520.97
2521.47
2521.97
2522.47
2522.97
2523.47
2523.97
2524.47
2524.97
2525.47
2525.97
2526.47
2526.97
2527.47
2527.97
2528.47
2528.97
2530.47
2530.97
2531.47
2531.97
2532.47
2532.97
2533.47
2533.97
2534.47
2535.47
2536.47
2536.97
2537.47
2537.97
2538.47
2538.97
2539.47
2539.97
2540.47
2540.97
2541.97
2542.47
2542.97
2543.47
2543.97
2544.47
2544.97
2545.47
2545.97
2546.47
2546.97
2547.97
2548.47
2548.97
2549.47
2549.97
2550.47
2550.97
2551.47
2551.97
2552.47
2552.97
2553.47
2553.97
2554.47
2555.47
2555.97
2556.47
2557.47
2557.97
2558.47
2558.97
2559.47
2559.97
2560.47
2560.97
2561.47
2561.97
2562.47
2562.97
2563.47
2563.97
2564.47
2564.97
2565.47
2565.97
2566.47
2566.97
2567.47
2567.97
2568.47
2568.97
2569.47
2569.97
2570.47
2571.47
2571.97
2572.47
2573.97
2574.47
2574.97
2575.47
2575.97
2576.47
2576.97
2577.47
2579.47
2579.97
2580.47
2580.97
2581.47
2581.97
2582.47
2583.47
2583.97
2585.47
2585.97
2586.47
2587.47
2587.97
2588.47
2588.97
2589.47
2589.97
2590.47
2590.97
2591.47
2591.97
2592.47
2592.97
2593.47
2593.97
2594.47
2595.47
2595.97
2596.97
2597.97
2598.97
2599.47
2599.97
2600.47
2600.97
2601.47
2601.97
2602.47
2602.97
2603.47
2603.97
2604.47
2604.97
2605.47
2605.97
2606.47
2606.97
2607.47
2607.97
2608.47
2608.97
2609.47
2609.97
2610.47
2610.97
2611.47
2611.97
2612.47
2612.97
2613.47
2613.97
2614.47
2614.97
2615.97
2616.47
2616.97
2617.97
2618.47
2618.97
2619.47
2619.97
2620.47
2620.97
2621.47
2621.97
2622.47
2622.97
2623.47
2624.47
2624.97
2625.47
2626.47
2626.97
2627.47
2627.97
2628.97
2629.47
2629.97
2630.47
2630.97
2631.47
2631.97
2632.47
2632.97
2633.97
2634.47
2634.97
2635.47
2635.97
2636.47
2636.97
2637.47
2638.47
2638.97
2639.47
2640.47
2640.97
2641.47
2641.97
2642.47
2642.97
2643.47
2643.97
2644.47
2645.47
2645.97
2646.47
2647.47
2647.97
2648.47
2648.97
2649.47
2649.97
2650.47
2651.97
2652.47
2652.97
2653.47
2654.47
2654.97
2655.47
2655.97
2656.47
2656.97
2657.47
2657.97
2658.47
2658.97
2659.47
2659.97
2660.47
2660.97
2661.47
2661.97
2662.47
2662.97
2663.47
2663.97
2664.47
2664.97
2665.47
2665.97
2666.47
2666.97
2667.47
2667.97
2668.47
2668.97
2669.47
2669.97
2670.47
2670.97
2671.47
2671.97
2672.47
2672.97
2673.47
2673.97
2674.97
2675.47
2675.97
2676.47
2676.97
2677.47
2677.97
2678.47
2678.97
2679.97
2680.47
2681.47
2681.97
2682.47
2682.97
2683.47
2684.47
2684.97
2685.47
2685.97
2686.47
2686.97
2687.47
2687.97
2688.47
2688.97
2689.47
2689.97
2690.47
2690.97
2691.47
2691.97
2692.47
2693.47
2693.97
2694.47
2694.97
2695.97
2696.47
2698.47
2698.97
2699.47
2699.97
2701.97
2702.47
2702.97
2703.47
2703.97
2704.47
2704.97
2705.47
2706.97
2707.47
2708.47
2708.97
2709.47
2710.47
2711.97
2712.47
2712.97
2713.47
2713.97
2714.47
2714.97
2715.47
2715.97
2716.47
2716.97
2717.47
2717.97
2718.47
2718.97
2719.47
2719.97
2720.47
2720.97
2721.47
2721.97
2722.47
2722.97
2723.47
2723.97
2724.47
2724.97
2725.47
2725.97
2726.47
2726.97
2727.97
2728.47
2728.97
2729.97
2730.47
2731.47
2731.97
2732.47
2732.97
2733.97
2734.47
2734.97
2736.47
2736.97
2737.47
2737.97
2738.47
2738.97
2739.47
2739.97
2740.47
2740.97
2741.47
2741.97
2742.47
2742.97
2743.47
2743.97
2744.47
2744.97
2745.47
2745.97
2747.47
2747.97
2748.47
2748.97
2749.47
2749.97
2750.47
2750.97
2751.47
2751.97
2752.47
2752.97
2753.47
2753.97
2754.47
2754.97
2755.47
2755.97
2756.47
2756.97
2757.47
2757.97
2758.47
2758.97
2759.47
2759.97
2760.47
2761.47
2761.97
2762.47
2763.47
2763.97
2764.47
2765.47
2765.97
2766.47
2766.97
2767.47
2768.47
2768.97
2769.47
2769.97
2770.97
2771.47
2771.97
2772.47
2772.97
2773.47
2773.97
2774.47
2774.97
2775.47
2775.97
2776.47
2776.97
2777.47
2777.97
2778.47
2778.97
2779.47
2779.97
2780.47
2780.97
2781.47
2781.97
2782.97
2783.47
2783.97
2784.97
2785.47
2785.97
2786.47
2786.97
2787.47
2787.97
2788.47
2788.97
2789.47
2789.97
2790.47
2790.97
2791.47
2791.97
2792.47
2792.97
2793.47
2793.97
2794.47
2794.97
2795.47
2795.97
2796.47
2797.47
2797.97
2798.47
2798.97
2799.47
2799.97
2800.47
2800.97
2801.47
2801.97
2802.47
2802.97
2803.47
2803.97
2804.47
2804.97
2805.47
2805.97
2806.47
2806.97
2807.47
2807.97
2808.47
2808.97
2809.47
2809.97
2810.47
2810.97
2811.47
2811.97
2812.47
2812.97
2813.47
2814.47
2814.97
2815.47
2815.97
2816.47
2816.97
2817.47
2817.97
2818.97
2819.47
2819.97
2820.97
2821.47
2822.47
2822.97
2823.47
2823.97
2824.47
2824.97
2825.47
2825.97
2826.47
2826.97
2827.47
2827.97
2828.47
2829.47
2829.97
2830.47
2830.97
2831.47
2831.97
2832.47
2832.97
2833.47
2833.97
2834.47
2834.97
2835.47
2835.97
2836.47
2836.97
2837.47
2837.97
2838.47
2838.97
2839.47
2839.97
2840.47
2841.47
2841.97
2842.97
2843.47
2843.97
2844.47
2844.97
2845.47
2845.97
2847.47
2848.97
2849.47
2850.47
2850.97
2851.47
2851.97
2852.47
2852.97
2853.47
2853.97
2854.47
2854.97
2855.47
2856.47
2856.97
2857.47
2857.97
2858.97
2859.47
2859.97
2860.47
2860.97
2861.47
2861.97
2862.47
2862.97
2863.47
2863.97
2864.47
2865.47
2865.97
2866.47
2866.97
2867.47
2867.97
2868.47
2868.97
2869.47
2869.97
2870.47
2870.97
2871.47
2871.97
2872.47
2872.97
2873.47
2873.97
2874.47
2874.97
2875.47
2875.97
2876.47
2876.97
2877.47
2877.97
2878.47
2878.97
2879.47
2879.97
2880.47
2880.97
2881.47
2882.47
2882.97
2883.47
2883.97
2884.47
2885.47
2885.97
2886.47
2886.97
2887.47
2887.97
2888.47
2888.97
2889.47
2889.97
2890.47
2890.97
2891.47
2891.97
2892.47
2892.97
2893.47
2893.97
2894.47
2894.97
2895.47
2895.97
2896.47
2896.97
2897.97
2898.47
2899.47
2899.97
2900.47
2900.97
2901.47
2901.97
2902.47
2902.97
2903.47
2903.97
2904.47
2904.97
2905.47
2905.97
2906.47
2906.97
2907.47
2907.97
2908.47
2908.97
2909.47
2909.97
2910.47
2910.97
2911.97
2912.47
2912.97
2913.97
2914.47
2914.97
2915.47
2915.97
2916.47
2916.97
2917.47
2917.97
2918.47
2918.97
2919.47
2919.97
2920.47
2920.97
2921.47
2921.97
2922.47
2922.97
2923.47
2923.97
2924.47
2924.97
2925.47
2925.97
2926.47
2927.47
2927.97
2928.47
2929.97
2930.47
2930.97
2931.47
2931.97
2932.47
2932.97
2933.47
2933.97
2934.47
2934.97
2935.47
2935.97
2936.47
2936.97
2937.47
2937.97
2938.47
2938.97
2939.47
2939.97
2940.47
2941.47
2941.97
2942.47
2942.97
2943.47
2944.47
2944.97
2945.47
2945.97
2946.47
2946.97
2947.97
2948.47
2948.97
2949.97
2950.47
2950.97
2951.47
2951.97
2952.47
2952.97
2953.47
2953.97
2954.47
2954.97
2955.47
2955.97
2956.47
2956.97
2957.47
2957.97
2958.47
2958.97
2959.47
2959.97
2960.47
2960.97
2961.47
2961.97
2962.47
2962.97
2963.47
2963.97
2964.47
2964.97
2965.47
2965.97
2966.47
2966.97
2967.47
2967.97
2968.47
2969.47
2969.97
2970.47
2970.97
2971.47
2972.47
2972.97
2973.47
2973.97
2974.47
2974.97
2975.47
2975.97
2976.47
2976.97
2977.47
2977.97
2978.47
2978.97
2979.47
2979.97
2980.47
2980.97
2981.47
2981.97
2982.47
2982.97
2983.47
2984.47
2984.97
2985.47
2985.97
2986.47
2986.97
2987.47
2987.97
2988.47
2988.97
2989.47
2989.97
2990.47
2990.97
2991.47
2991.97
2992.47
2992.97
2993.47
2993.97
2994.47
2994.97
2995.47
2995.97
2996.47
2996.97
2997.47
2997.97
2998.47
2999.47
2999.97
3000.47
3000.97
3001.47
3001.97
3002.47
3002.97
3003.47
3003.97
3004.47
3004.97
3005.47
3005.97
3006.47
3006.97
3007.97
3008.97
3009.47
3009.97
3010.47
3010.97
3011.47
3011.97
3012.47
3012.97
3013.47
3013.97
3014.47
3014.97
3015.47
3015.97
3016.47
3016.97
3017.47
3017.97
3018.47
3018.97
3019.47
3019.97
3020.47
3020.97
3021.47
3021.97
3022.47
3022.97
3023.47
3023.97
3024.47
3024.97
3025.47
3025.97
3026.97
3027.47
3027.97
3028.47
3028.97
3029.47
3029.97
3030.47
3030.97
3031.47
3031.97
3032.97
3033.47
3033.97
3034.47
3034.97
3035.47
3036.47
3036.97
3037.47
3037.97
3038.47
3038.97
3039.97
3040.47
3040.97
3041.47
3041.97
3042.47
3042.97
3043.47
3044.47
3044.97
3045.47
3045.97
3046.47
3046.97
3047.47
3047.97
3048.47
3048.97
3049.97
3050.47
3050.97
3051.47
3051.97
3052.47
3052.97
3053.47
3053.97
3054.47
3054.97
3055.47
3055.97
3056.47
3056.97
3057.47
3057.97
3058.47
3058.97
3059.47
3060.47
3060.97
3061.47
3061.97
3062.47
3062.97
3063.47
3063.97
3064.47
3064.97
3065.97
3066.97
3067.47
3067.97
3068.47
3068.97
3069.47
3069.97
3070.47
3070.97
3071.47
3071.97
3072.47
3072.97
3073.47
3073.97
3074.47
3074.97
3075.47
3075.97
3076.47
3076.97
3077.47
3077.97
3078.47
3078.97
3079.47
3079.97
3080.47
3080.97
3081.47
3081.97
3082.47
3082.97
3083.47
3083.97
3084.47
3084.97
3085.47
3085.97
3086.47
3086.97
3087.47
3087.97
3088.47
3088.97
3089.47
3089.97
3090.47
3091.47
3091.97
3092.47
3093.47
3093.97
3094.47
3094.97
3095.47
3095.97
3096.47
3096.97
3097.47
3097.97
3098.47
3099.47
3099.97
3100.47
3100.97
3101.47
3101.97
3102.47
3102.97
3103.47
3103.97
3104.47
3104.97
3105.97
3106.47
3106.97
3107.47
3107.97
3108.47
3108.97
3109.47
3109.97
3110.47
3110.97
3111.47
3111.97
3112.47
3112.97
3113.47
3113.97
3114.47
3114.97
3115.97
3116.47
3116.97
3117.47
3117.97
3118.47
3118.97
3119.47
3119.97
3120.47
3120.97
3121.47
3121.97
3122.47
3122.97
3123.47
3123.97
3124.47
3124.97
3125.97
3126.47
3126.97
3127.47
3127.97
3128.47
3128.97
3129.47
3129.97
3130.47
3130.97
3131.47
3131.97
3132.47
3132.97
3133.47
3133.97
3134.47
3134.97
3135.47
3135.97
3136.47
3136.97
3137.47
3137.97
3138.47
3138.97
3139.47
3139.97
3140.47
3140.97
3141.47
3142.97
3143.47
3143.97
3144.47
3145.97
3146.47
3146.97
3147.47
3147.97
3148.47
3149.47
3149.97
3150.47
3150.97
3151.47
3151.97
3152.47
3152.97
3153.97
3154.47
3154.97
3155.47
3155.97
3156.47
3156.97
3157.47
3157.97
3158.47
3158.97
3159.47
3159.97
3160.47
3160.97
3161.47
3161.97
3162.47
3162.97
3163.47
3163.97
3164.47
3164.97
3165.47
3165.97
3166.47
3166.97
3167.47
3167.97
3168.47
3168.97
3169.47
3169.97
3170.47
3170.97
3171.47
3172.47
3172.97
3173.97
3174.47
3174.97
3175.47
3175.97
3176.97
3177.47
3177.97
3178.47
3179.47
3179.97
3180.47
3180.97
3181.47
3181.97
3182.47
3182.97
3183.97
3184.47
3185.47
3185.97
3186.47
3186.97
3187.47
3187.97
3188.47
3188.97
3189.47
3190.97
3191.47
3191.97
3192.47
3192.97
3193.47
3193.97
3194.47
3195.47
3195.97
3196.47
3196.97
3197.47
3197.97
3198.47
3198.97
3199.97
3200.47
3200.97
3201.47
3201.97
3202.47
3202.97
3203.47
3204.47
3204.97
3205.47
3205.97
3206.47
3206.97
3207.47
3207.97
3208.47
3208.97
3209.47
3209.97
3210.47
3210.97
3211.47
3211.97
3212.47
3214.47
3214.97
3215.47
3215.97
3216.47
3216.97
3217.47
3217.97
3218.47
3218.97
3219.97
3220.47
3220.97
3221.97
3222.47
3222.97
3223.47
3223.97
3224.47
3224.97
3225.97
3226.97
3227.47
3227.97
3228.47
3228.97
3229.47
3229.97
3230.47
3230.97
3231.47
3231.97
3232.47
3232.97
3233.47
3233.97
3234.47
3234.97
3235.47
3235.97
3236.47
3236.97
3237.47
3237.97
3238.47
3238.97
3239.47
3239.97
3240.47
3240.97
3241.47
3241.97
3242.47
3242.97
3243.47
3244.47
3244.97
3245.97
3246.47
3246.97
3247.47
3247.97
3248.47
3248.97
3249.97
3250.47
3250.97
3251.47
3252.47
3252.97
3253.47
3253.97
3254.47
3254.97
3255.47
3255.97
3256.47
3256.97
3257.47
3257.97
3258.47
3258.97
3259.47
3259.97
3260.47
3260.97
3261.47
3261.97
3262.97
3263.47
3263.97
3265.47
3265.97
3266.47
3266.97
3267.47
3267.97
3268.47
3268.97
3269.47
3269.97
3270.47
3270.97
3271.47
3271.97
3272.47
3272.97
3273.47
3273.97
3274.47
3274.97
3275.47
3275.97
3276.47
3276.97
3277.47
3277.97
3278.47
3279.47
3279.97
3280.47
3280.97
3281.47
3281.97
3282.47
3282.97
3283.47
3283.97
3284.47
3286.47
3286.97
3288.47
3288.97
3289.47
3289.97
3290.47
3290.97
3291.47
3292.47
3292.97
3293.47
3293.97
3294.47
3294.97
3295.97
3296.47
3296.97
3297.47
3297.97
3298.47
3299.47
3299.97
3300.47
3300.97
3301.47
3301.97
3302.47
3302.97
3303.47
3303.97
3304.47
3304.97
3305.47
3305.97
3306.47
3306.97
3307.47
3307.97
3308.47
3309.47
3309.97
3310.47
3310.97
3311.47
3311.97
3312.47
3312.97
3313.47
3314.47
3314.97
3315.47
3315.97
3316.47
3316.97
3317.47
3317.97
3318.47
3318.97
3319.47
3319.97
3320.47
3320.97
3321.47
3321.97
3322.47
3322.97
3323.97
3324.47
3324.97
3325.47
3325.97
3326.47
3326.97
3327.47
3327.97
3328.97
3329.47
3329.97
3330.47
3330.97
3331.47
3331.97
3332.97
3333.47
3333.97
3334.47
3334.97
3335.47
3335.97
3336.47
3336.97
3337.97
3338.47
3338.97
3339.47
3339.97
3340.47
3340.97
3341.47
3341.97
3342.47
3342.97
3343.47
3343.97
3344.47
3344.97
3345.47
3345.97
3346.47
3346.97
3347.47
3347.97
3348.97
3349.47
3349.97
3350.97
3351.47
3351.97
3352.47
3353.47
3353.97
3354.47
3354.97
3355.47
3355.97
3356.47
3356.97
3358.47
3358.97
3359.47
3359.97
3360.47
3360.97
3361.47
3361.97
3362.47
3363.47
3364.97
3365.47
3365.97
3366.47
3366.97
3367.47
3367.97
3368.47
3368.97
3369.47
3369.97
3370.47
3370.97
3371.47
3371.97
3372.47
3372.97
3373.47
3374.97
3375.47
3376.47
3376.97
3377.47
3377.97
3378.47
3378.97
3379.97
3380.47
3380.97
3381.47
3381.97
3382.47
3382.97
3383.47
3383.97
3384.47
3384.97
3385.47
3385.97
3386.47
3386.97
3387.47
3387.97
3388.47
3388.97
3389.47
3389.97
3390.47
3390.97
3391.47
3391.97
3392.47
3393.47
3393.97
3394.47
3394.97
3395.47
3395.97
3396.47
3396.97
3397.47
3397.97
3398.47
3399.47
3400.47
3400.97
3401.47
3401.97
3402.47
3402.97
3403.97
3404.47
3404.97
3405.47
3405.97
3406.47
3406.97
3407.47
3407.97
3408.47
3408.97
3409.47
3409.97
3410.47
3410.97
3411.47
3411.97
3412.47
3412.97
3413.47
3413.97
3414.47
3414.97
3415.47
3415.97
3416.47
3416.97
3417.47
3417.97
3418.47
3418.97
3419.47
3419.97
3420.97
3421.47
3421.97
3422.47
3422.97
3423.47
3423.97
3424.47
3425.47
3425.97
3426.47
3427.47
3427.97
3428.97
3429.47
3429.97
3430.47
3430.97
3431.47
3431.97
3434.47
3434.97
3435.47
3435.97
3436.47
3436.97
3437.97
3438.47
3438.97
3439.47
3439.97
3440.47
3440.97
3441.47
3441.97
3442.47
3442.97
3443.47
3443.97
3444.97
3445.47
3445.97
3446.47
3446.97
3447.47
3448.97
3449.47
3449.97
3450.47
3450.97
3451.47
3451.97
3452.47
3452.97
3453.47
3453.97
3454.47
3454.97
3455.47
3455.97
3456.47
3458.97
3459.47
3459.97
3460.47
3460.97
3461.47
3461.97
3462.47
3462.97
3463.47
3463.97
3464.47
3464.97
3465.47
3465.97
3466.47
3466.97
3467.47
3467.97
3468.47
3468.97
3469.47
3469.97
3470.47
3470.97
3471.47
3471.97
3472.47
3472.97
3473.47
3473.97
3474.97
3475.47
3475.97
3476.47
3476.97
3477.47
3477.97
3478.97
3479.47
3479.97
3480.47
3480.97
3481.47
3481.97
3482.47
3482.97
3483.47
3484.47
3484.97
3485.47
3486.47
3487.47
3487.97
3488.97
3489.47
3489.97
3490.47
3490.97
3491.47
3491.97
3492.47
3492.97
3493.47
3493.97
3494.47
3494.97
3495.47
3495.97
3496.47
3496.97
3497.47
3498.97
3499.47
3499.97
3500.47
3500.97
3501.47
3501.97
3502.47
3502.97
3503.47
3503.97
3504.97
3505.47
3506.47
3506.97
3507.47
3507.97
3508.47
3508.97
3509.47
3509.97
3510.47
3510.97
3511.47
3511.97
3512.47
3512.97
3513.97
3514.47
3514.97
3516.47
3516.97
3517.47
3517.97
3518.47
3518.97
3519.97
3520.47
3520.97
3521.47
3521.97
3522.47
3523.47
3523.97
3524.47
3524.97
3525.47
3525.97
3526.47
3526.97
3527.47
3527.97
3528.47
3528.97
3529.47
3529.97
3530.47
3530.97
3531.47
3531.97
3532.47
3532.97
3533.47
3533.97
3534.47
3534.97
3535.47
3535.97
3536.47
3536.97
3537.47
3537.97
3538.47
3538.97
3539.47
3539.97
3540.47
3540.97
3541.47
3541.97
3542.47
3542.97
3543.47
3543.97
3544.97
3545.47
3546.97
3547.97
3548.47
3548.97
3549.47
3550.97
3551.47
3551.97
3552.47
3552.97
3553.47
3553.97
3554.47
3554.97
3555.47
3555.97
3556.47
3556.97
3558.47
3558.97
3559.47
3559.97
3560.47
3560.97
3561.47
3561.97
3562.47
3562.97
3563.47
3563.97
3564.47
3564.97
3565.47
3565.97
3566.47
3566.97
3567.47
3567.97
3568.47
3568.97
3569.47
3569.97
3570.47
3570.97
3571.47
3571.97
3572.47
3573.47
3573.97
3574.47
3574.97
3575.47
3575.97
3576.97
3577.47
3578.47
3578.97
3579.47
3579.97
3580.47
3580.97
3581.47
3581.97
3582.47
3582.97
3583.47
3583.97
3584.47
3584.97
3585.47
3585.97
3586.47
3586.97
3587.47
3587.97
3588.47
3588.97
3589.97
3590.47
3590.97
3591.47
3591.97
3592.47
3592.97
3593.47
3593.97
3594.47
3595.47
3595.97
3596.47
3596.97
3597.47
3597.97
3598.97
3599.47
3599.97
3600.47
3600.97
3601.47
3601.97
3602.97
3603.47
3603.97
3604.47
3604.97
3605.47
3606.47
3606.97
3607.47
3607.97
3608.47
3608.97
3609.47
3609.97
3610.47
3610.97
3611.47
3611.97
3612.47
3612.97
3613.47
3613.97
3614.47
3614.97
3615.47
3615.97
3616.47
3616.97
3617.47
3617.97
3618.47
3618.97
3619.47
3620.47
3620.97
3621.47
3621.97
3622.47
3622.97
3623.97
3624.47
3624.97
3625.47
3625.97
3626.47
3626.97
3627.47
3627.97
3628.47
3628.97
3629.47
3629.97
3630.47
3630.97
3631.47
3631.97
3632.47
3632.97
3633.97
3634.47
3634.97
3635.47
3635.97
3636.47
3636.97
3637.47
3637.97
3638.47
3638.97
3639.47
3640.97
3641.47
3641.97
3642.47
3642.97
3643.47
3643.97
3644.47
3645.47
3645.97
3646.47
3646.97
3647.47
3648.47
3648.97
3649.47
3649.97
3650.47
3650.97
3651.47
3652.47
3652.97
3653.47
3653.97
3654.47
3654.97
3655.47
3655.97
3656.47
3656.97
3657.47
3657.97
3658.47
3658.97
3659.47
3659.97
3660.47
3660.97
3661.47
3661.97
3662.47
3662.97
3663.47
3663.97
3664.47
3664.97
3665.47
3665.97
3666.47
3666.97
3667.47
3667.97
3668.47
3668.97
3669.47
3670.47
3670.97
3671.47
3671.97
3672.47
3672.97
3673.47
3673.97
3674.47
3674.97
3675.47
3675.97
3676.47
3676.97
3677.47
3677.97
3678.47
3678.97
3679.47
3679.97
3680.47
3680.97
3681.47
3681.97
3682.47
3682.97
3683.47
3683.97
3684.47
3684.97
3685.47
3685.97
3686.47
3686.97
3687.47
3687.97
3688.47
3689.47
3689.97
3690.47
3690.97
3691.47
3691.97
3692.47
3692.97
3693.47
3693.97
3694.47
3694.97
3695.47
3695.97
3696.47
3696.97
3698.47
3698.97
3699.97
3700.47
3700.97
3701.47
3701.97
3702.47
3702.97
3703.47
3703.97
3704.47
3704.97
3705.47
3705.97
3706.47
3706.97
3707.47
3707.97
3708.47
3708.97
3709.47
3709.97
3710.47
3711.47
3711.97
3712.47
3712.97
3713.47
3713.97
3714.47
3714.97
3715.47
3715.97
3716.47
3716.97
3717.47
3717.97
3718.47
3718.97
3719.97
3720.47
3720.97
3721.47
3721.97
3722.47
3722.97
3723.47
3723.97
3724.47
3724.97
3725.47
3725.97
3726.47
3726.97
3727.47
3727.97
3728.47
3728.97
3729.47
3730.97
3732.47
3732.97
3733.47
3733.97
3734.47
3734.97
3735.47
3735.97
3736.47
3736.97
3737.47
3737.97
3738.47
3738.97
3739.47
3739.97
3740.47
3740.97
3741.47
3741.97
3742.47
3742.97
3743.47
3743.97
3744.47
3744.97
3745.47
3745.97
3746.47
3746.97
3747.47
3748.47
3748.97
3749.47
3749.97
3750.47
3750.97
3751.47
3751.97
3752.47
3752.97
3753.47
3753.97
3754.47
3754.97
3755.47
3755.97
3756.47
3756.97
3757.47
3757.97
3758.47
3758.97
3759.47
3759.97
3760.47
3760.97
3761.47
3762.47
3762.97
3763.47
3763.97
3764.47
3764.97
3765.47
3765.97
3766.47
3767.47
3767.97
3768.47
3768.97
3769.47
3769.97
3770.47
3770.97
3771.47
3771.97
3772.47
3772.97
3773.47
3773.97
3774.47
3774.97
3775.47
3775.97
3776.47
3776.97
3777.47
3777.97
3778.47
3778.97
3779.47
3779.97
3780.47
3780.97
3781.47
3781.97
3782.47
3782.97
3783.47
3783.97
3784.47
3784.97
3785.47
3785.97
3786.47
3786.97
3787.47
3787.97
3788.47
3788.97
3789.47
3789.97
3790.47
3790.97
3792.47
3792.97
3793.47
3793.97
3794.47
3794.97
3795.47
3795.97
3796.47
3796.97
3798.47
3798.97
3799.47
3799.97
3800.47
3800.97
3801.47
3801.97
3802.47
3802.97
3803.47
3803.97
3804.47
3804.97
3805.97
3806.47
3806.97
3807.47
3807.97
3808.47
3808.97
3809.47
3809.97
3810.47
3810.97
3811.47
3811.97
3812.47
3812.97
3813.47
3813.97
3814.47
3814.97
3815.97
3816.47
3816.97
3817.47
3818.47
3818.97
3819.47
3819.97
3820.97
3821.47
3821.97
3822.47
3823.47
3823.97
3824.47
3824.97
3825.47
3825.97
3826.97
3827.47
3827.97
3828.47
3828.97
3829.47
3829.97
3830.47
3830.97
3831.47
3832.47
3832.97
3833.47
3833.97
3834.47
3834.97
3835.47
3835.97
3836.47
3836.97
3837.47
3837.97
3838.47
3838.97
3839.47
3839.97
3840.47
3840.97
3841.47
3841.97
3842.47
3842.97
3843.47
3844.47
3844.97
3845.47
3846.97
3847.47
3847.97
3848.47
3848.97
3849.97
3850.47
3850.97
3851.47
3851.97
3852.47
3852.97
3853.47
3853.97
3854.47
3854.97
3855.47
3855.97
3856.47
3856.97
3857.47
3857.97
3858.47
3858.97
3859.47
3859.97
3860.47
3860.97
3861.47
3861.97
3862.47
3862.97
3863.47
3863.97
3864.47
3864.97
3865.47
3865.97
3866.97
3867.47
3867.97
3868.47
3868.97
3869.47
3869.97
3870.47
3870.97
3871.47
3871.97
3872.47
3872.97
3873.47
3873.97
3874.47
3874.97
3875.47
3875.97
3876.47
3876.97
3877.47
3877.97
3878.47
3878.97
3879.97
3880.47
3880.97
3881.47
3881.97
3882.47
3883.47
3883.97
3884.47
3884.97
3885.47
3885.97
3886.47
3886.97
3887.47
3887.97
3888.47
3888.97
3889.47
3889.97
3890.47
3890.97
3891.47
3891.97
3892.03
3892.2
3892.23
3892.27
3892.33
3892.37
3892.4
3892.47
3892.5
3892.53
3892.67
3892.7
3892.87
3893.03
3893.53
3894.03
3894.53
3894.7
3894.83
3894.87
3894.9
3895.0
3895.03
3895.37
3895.4
3895.43
3895.53
3895.8
3895.83
3895.87
3895.9
3895.97
3896.03
3896.53
3897.03
3897.53
3898.03
3898.53
3899.03
3899.53
3900.03
3900.33
3900.37
3900.4
3900.43
3900.47
3900.5
3900.53
3900.6
3900.63
3900.67
3900.73
3900.77
3900.8
3900.83
3900.87
3900.9
3900.93
3900.97
3901.0
3901.03
3901.13
3901.23
3901.27
3901.3
3901.33
3901.37
3901.4
3901.43
3901.47
3901.5
3901.53
3901.67
3901.73
3901.77
3901.8
3901.83
3901.9
3901.93
3902.03
3902.07
3902.1
3902.13
3902.17
3902.2
3902.23
3902.3
3902.33
3902.4
3902.43
3902.5
3902.53
3902.6
3902.9
3902.93
3902.97
3903.03
3903.13
3903.17
3903.27
3903.3
3903.33
3903.43
3903.53
3903.9
3903.93
3903.97
3904.03
3904.37
3904.4
3904.47
3904.53
3904.97
3905.03
3905.13
3905.17
3905.27
3905.4
3905.43
3905.47
3905.53
3905.7
3905.83
3905.87
3905.9
3905.93
3905.97
3906.0
3906.03
3906.1
3906.2
3906.23
3906.43
3906.47
3906.5
3906.53
3906.67
3906.7
3906.73
3906.77
3906.87
3906.97
3907.0
3907.03
3907.2
3907.23
3907.53
3907.67
3907.87
3907.93
3907.97
3908.03
3908.3
3908.37
3908.4
3908.43
3908.47
3908.5
3908.53
3908.67
3908.7
3909.03
3909.37
3909.47
3909.53
3909.87
3909.9
3909.97
3910.0
3910.03
3910.13
3910.27
3910.3
3910.53
3910.57
3910.93
3911.03
3911.1
3911.13
3911.2
3911.23
3911.27
3911.33
3911.37
3911.47
3911.5
3911.53
3911.67
3911.77
3911.83
3911.87
3911.9
3911.97
3912.0
3912.03
3912.17
3912.23
3912.27
3912.3
3912.33
3912.37
3912.4
3912.53
3912.6
3912.63
3912.67
3912.73
3912.77
3912.8
3912.83
3912.9
3912.93
3912.97
3913.0
3913.03
3913.1
3913.13
3913.17
3913.2
3913.23
3913.27
3913.3
3913.33
3913.37
3913.4
3913.43
3913.47
3913.5
3913.53
3913.67
3913.7
3913.73
3913.77
3913.8
3913.83
3913.87
3913.9
3913.97
3914.0
3914.03
3914.1
3914.13
3914.17
3914.2
3914.23
3914.27
3914.3
3914.37
3914.53
3914.6
3914.63
3914.8
3914.83
3914.87
3914.93
3915.03
3915.17
3915.2
3915.23
3915.4
3915.53
3915.57
3915.6
3915.67
3915.7
3915.83
3915.97
3916.03
3916.07
3916.1
3916.13
3916.23
3916.27
3916.53
3916.57
3916.87
3917.03
3917.53
3917.6
3917.63
3917.77
3917.8
3918.03
3918.33
3918.4
3918.43
3918.53
3918.63
3918.67
3918.83
3918.87
3918.93
3919.03
3919.1
3919.13
3919.23
3919.27
3919.33
3919.37
3919.4
3919.5
3919.53
3919.67
3919.7
3919.73
3919.8
3919.83
3920.0
3920.03
3920.33
3920.37
3920.53
3920.73
3920.77
3920.9
3921.03
3921.1
3921.17
3921.2
3921.27
3921.37
3921.47
3921.5
3921.53
3921.6
3921.63
3921.67
3921.7
3921.73
3921.77
3921.8
3921.83
3921.87
3921.9
3921.93
3921.97
3922.0
3922.03
3922.07
3922.1
3922.13
3922.17
3922.2
3922.23
3922.27
3922.3
3922.33
3922.37
3922.4
3922.43
3922.47
3922.5
3922.53
3922.6
3922.67
3922.7
3922.73
3922.77
3922.8
3922.87
3922.9
3922.93
3923.03
3923.1
3923.17
3923.2
3923.27
3923.3
3923.33
3923.4
3923.47
3923.5
3923.53
3923.6
3923.63
3923.67
3923.7
3923.73
3923.77
3923.8
3923.83
3923.87
3923.9
3923.93
3923.97
3924.0
3924.03
3924.13
3924.2
3924.23
3924.27
3924.3
3924.33
3924.37
3924.4
3924.43
3924.47
3924.53
3924.6
3924.63
3924.67
3924.7
3924.73
3924.77
3924.8
3924.9
3924.93
3924.97
3925.03
3925.1
3925.13
3925.2
3925.33
3925.37
3925.43
3925.47
3925.53
3925.9
3925.93
3926.03
3926.27
3926.3
3926.33
3926.4
3926.43
3926.53
3926.63
3926.73
3926.77
3926.93
3927.03
3927.17
3927.27
3927.3
3927.33
3927.47
3927.53
3927.6
3927.8
3927.83
3927.87
3927.9
3927.93
3928.03
3928.1
3928.13
3928.17
3928.2
3928.27
3928.53
3928.9
3928.97
3929.0
3929.03
3929.1
3929.23
3929.3
3929.33
3929.47
3929.53
3929.83
3929.9
3930.0
3930.03
3930.1
3930.13
3930.17
3930.33
3930.43
3930.53
3930.67
3930.77
3930.83
3930.87
3930.93
3930.97
3931.03
3931.13
3931.43
3931.47
3931.5
3931.53
3932.0
3932.03
3932.13
3932.17
3932.27
3932.3
3932.37
3932.4
3932.5
3932.53
3932.7
3932.73
3932.77
3932.8
3932.83
3932.87
3932.97
3933.03
3933.17
3933.2
3933.27
3933.33
3933.47
3933.53
3933.57
3933.7
3933.73
3933.77
3933.8
3933.87
3933.9
3933.97
3934.0
3934.03
3934.17
3934.2
3934.27
3934.33
3934.37
3934.4
3934.43
3934.47
3934.5
3934.53
3934.6
3934.63
3934.73
3934.77
3934.87
3934.9
3934.93
3935.0
3935.03
3935.13
3935.17
3935.2
3935.23
3935.27
3935.3
3935.37
3935.4
3935.43
3935.47
3935.53
3935.63
3935.67
3935.7
3935.77
3935.8
3935.83
3935.93
3935.97
3936.0
3936.03
3936.07
3936.1
3936.13
3936.2
3936.3
3936.33
3936.4
3936.43
3936.47
3936.5
3936.53
3936.63
3936.67
3936.7
3936.77
3936.8
3936.87
3936.93
3937.0
3937.03
3937.4
3937.43
3937.47
3937.53
3937.7
3937.73
3937.77
3937.8
3937.83
3937.87
3937.9
3938.0
3938.03
3938.17
3938.27
3938.3
3938.33
3938.43
3938.5
3938.53
3938.63
3938.7
3938.73
3938.8
3938.83
3938.87
3938.9
3938.93
3939.03
3939.2
3939.4
3939.47
3939.53
3939.67
3939.8
3939.83
3939.87
3939.9
3939.93
3939.97
3940.0
3940.03
3940.17
3940.23
3940.3
3940.33
3940.4
3940.47
3940.5
3940.53
3940.63
3940.67
3940.7
3940.73
3940.77
3940.83
3940.87
3940.93
3941.03
3941.07
3941.1
3941.13
3941.27
3941.33
3941.37
3941.53
3941.73
3941.83
3941.87
3941.97
3942.0
3942.03
3942.23
3942.27
3942.3
3942.43
3942.47
3942.5
3942.53
3942.63
3942.67
3942.7
3942.73
3942.77
3942.8
3943.03
3943.07
3943.33
3943.37
3943.43
3943.47
3943.5
3943.53
3943.7
3944.03
3944.17
3944.2
3944.23
3944.27
3944.43
3944.47
3944.53
3944.6
3944.63
3945.1
3945.6
3946.1
3946.6
3947.1
3947.6
3948.1
3948.6
3949.1
3949.47
3949.53
3949.63
3949.8
3949.83
3949.87
3949.93
3949.97
3950.13
3950.17
3950.4
3950.47
3950.97
3951.47
3951.87
3951.97
3952.27
3952.3
3952.37
3952.47
3952.8
3952.83
3952.87
3952.93
3952.97
3953.27
3953.33
3953.37
3953.43
3953.47
3953.9
3953.97
3954.47
3954.97
3955.23
3955.47
3955.97
3956.47
3956.97
3957.47
3957.73
3957.77
3957.8
3957.83
3957.87
3957.9
3957.93
3957.97
3958.0
3958.07
3958.1
3958.13
3958.17
3958.2
3958.23
3958.27
3958.33
3958.37
3958.4
3958.43
3958.47
3958.53
3958.63
3958.7
3958.73
3958.77
3958.8
3958.83
3958.87
3958.9
3958.97
3959.17
3959.2
3959.47
3959.53
3959.63
3959.67
3959.73
3959.97
3960.0
3960.03
3960.1
3960.13
3960.23
3960.27
3960.3
3960.4
3960.47
3960.73
3960.77
3960.8
3960.83
3960.9
3960.97
3961.0
3961.03
3961.2
3961.3
3961.33
3961.47
3961.5
3961.53
3961.63
3961.7
3961.8
3961.87
3961.9
3961.93
3961.97
3962.1
3962.2
3962.23
3962.27
3962.37
3962.47
3962.67
3962.73
3962.8
3962.97
3963.07
3963.1
3963.17
3963.2
3963.23
3963.27
3963.3
3963.33
3963.37
3963.4
3963.43
3963.47
3963.7
3963.73
3963.77
3963.8
3963.83
3963.97
3964.03
3964.07
3964.13
3964.17
3964.2
3964.23
3964.27
3964.33
3964.43
3964.47
3964.57
3964.63
3964.67
3964.7
3964.73
3964.77
3964.87
3964.9
3964.97
3965.1
3965.17
3965.2
3965.3
3965.33
3965.4
3965.43
3965.47
3965.57
3965.6
3965.7
3965.73
3965.8
3965.87
3965.97
3966.2
3966.37
3966.4
3966.43
3966.47
3966.63
3966.7
3966.8
3966.9
3966.97
3967.13
3967.37
3967.4
3967.47
3967.7
3967.8
3967.83
3967.9
3967.93
3967.97
3968.0
3968.03
3968.2
3968.27
3968.4
3968.47
3968.67
3968.7
3968.73
3968.77
3968.83
3968.9
3968.93
3968.97
3969.0
3969.03
3969.07
3969.1
3969.2
3969.23
3969.27
3969.3
3969.33
3969.4
3969.43
3969.47
3969.63
3969.67
3969.7
3969.73
3969.77
3969.83
3969.87
3969.9
3969.93
3969.97
3970.0
3970.03
3970.07
3970.1
3970.13
3970.17
3970.2
3970.23
3970.27
3970.3
3970.33
3970.37
3970.4
3970.43
3970.47
3970.57
3970.6
3970.67
3970.7
3970.73
3970.77
3970.8
3970.9
3970.93
3970.97
3971.07
3971.1
3971.13
3971.17
3971.2
3971.27
3971.3
3971.33
3971.37
3971.4
3971.43
3971.47
3971.6
3971.77
3971.8
3971.9
3971.93
3971.97
3972.0
3972.03
3972.07
3972.13
3972.17
3972.27
3972.3
3972.4
3972.43
3972.47
3972.63
3972.73
3972.77
3972.83
3972.87
3972.9
3972.97
3973.1
3973.13
3973.17
3973.2
3973.23
3973.27
3973.3
3973.37
3973.4
3973.43
3973.47
3973.57
3973.6
3973.63
3973.67
3973.7
3973.73
3973.77
3973.83
3973.87
3973.9
3973.93
3973.97
3974.07
3974.1
3974.17
3974.2
3974.27
3974.3
3974.33
3974.37
3974.4
3974.43
3974.47
3974.57
3974.6
3974.63
3974.67
3974.7
3974.73
3974.77
3974.83
3974.87
3974.9
3974.93
3974.97
3975.03
3975.07
3975.1
3975.13
3975.17
3975.2
3975.23
3975.27
3975.3
3975.33
3975.37
3975.4
3975.47
3975.57
3975.6
3975.63
3975.67
3975.7
3975.73
3975.77
3975.8
3975.83
3975.87
3975.9
3975.97
3976.03
3976.07
3976.1
3976.13
3976.17
3976.2
3976.23
3976.27
3976.3
3976.33
3976.37
3976.47
3976.5
3976.53
3976.63
3976.67
3976.7
3976.73
3976.77
3976.8
3976.83
3976.87
3976.9
3976.97
3977.3
3977.4
3977.43
3977.47
3977.6
3977.63
3977.67
3977.7
3977.73
3977.77
3977.87
3977.97
3978.17
3978.2
3978.23
3978.3
3978.43
3978.47
3978.6
3978.8
3978.93
3978.97
3979.07
3979.1
3979.47
3979.57
3979.6
3979.67
3979.7
3979.73
3979.77
3979.9
3979.97
3980.33
3980.4
3980.43
3980.47
3980.53
3980.6
3980.63
3980.67
3980.7
3980.73
3980.77
3980.8
3980.83
3980.87
3980.9
3980.93
3980.97
3981.1
3981.13
3981.17
3981.2
3981.23
3981.27
3981.33
3981.37
3981.4
3981.43
3981.47
3981.53
3981.57
3981.6
3981.63
3981.67
3981.7
3981.73
3981.77
3981.8
3981.83
3981.87
3981.9
3981.93
3981.97
3982.03
3982.07
3982.1
3982.13
3982.17
3982.2
3982.23
3982.27
3982.3
3982.33
3982.37
3982.4
3982.43
3982.47
3982.53
3982.57
3982.6
3982.63
3982.67
3982.7
3982.77
3982.8
3982.83
3982.87
3982.9
3982.93
3982.97
3983.03
3983.07
3983.1
3983.13
3983.17
3983.2
3983.23
3983.27
3983.3
3983.37
3983.4
3983.43
3983.47
3983.5
3983.53
3983.57
3983.6
3983.63
3983.67
3983.7
3983.73
3983.77
3983.8
3983.83
3983.87
3983.9
3983.93
3983.97
3984.03
3984.07
3984.1
3984.27
3984.4
3984.43
3984.47
3984.53
3984.57
3984.63
3984.67
3984.7
3984.77
3984.83
3984.87
3984.9
3984.97
3985.03
3985.1
3985.13
3985.17
3985.23
3985.27
3985.3
3985.37
3985.4
3985.43
3985.47
3985.5
3985.53
3985.57
3985.6
3985.63
3985.67
3985.7
3985.73
3985.77
3985.8
3985.83
3985.87
3985.9
3985.93
3985.97
3986.0
3986.03
3986.07
3986.1
3986.13
3986.17
3986.2
3986.23
3986.27
3986.3
3986.33
3986.37
3986.4
3986.43
3986.47
3986.5
3986.53
3986.57
3986.6
3986.63
3986.67
3986.7
3986.73
3986.77
3986.8
3986.83
3986.87
3986.9
3986.93
3986.97
3987.0
3987.03
3987.07
3987.1
3987.13
3987.17
3987.2
3987.23
3987.27
3987.3
3987.33
3987.37
3987.4
3987.43
3987.47
3987.5
3987.53
3987.57
3987.6
3987.63
3987.67
3987.7
3987.73
3987.77
3987.8
3987.83
3987.87
3987.9
3987.93
3987.97
3988.0
3988.03
3988.07
3988.1
3988.13
3988.17
3988.2
3988.23
3988.27
3988.3
3988.33
3988.37
3988.4
3988.43
3988.47
3988.5
3988.53
3988.57
3988.6
3988.63
3988.67
3988.7
3988.73
3988.77
3988.8
3988.83
3988.87
3988.9
3988.93
3988.97
3989.0
3989.03
3989.07
3989.1
3989.13
3989.17
3989.2
3989.23
3989.27
3989.3
3989.33
3989.37
3989.4
3989.43
3989.47
3989.5
3989.53
3989.57
3989.6
3989.63
3989.67
3989.7
3989.73
3989.77
3989.8
3989.83
3989.87
3989.9
3989.93
3989.97
3990.0
3990.03
3990.07
3990.1
3990.13
3990.17
3990.2
3990.23
3990.27
3990.3
3990.33
3990.37
3990.4
3990.43
3990.47
3990.5
3990.53
3990.57
3990.6
3990.63
3990.67
3990.7
3990.73
3990.77
3990.8
3990.83
3990.87
3990.9
3990.93
3990.97
3991.0
3991.03
3991.07
3991.1
3991.13
3991.17
3991.2
3991.23
3991.27
3991.3
3991.33
3991.37
3991.4
3991.43
3991.47
3991.5
3991.53
3991.57
3991.6
3991.63
3991.67
3991.7
3991.73
3991.77
3991.8
3991.83
3991.87
3991.9
3991.93
3991.97
3992.0
3992.03
3992.07
3992.1
3992.13
3992.17
3992.2
3992.23
3992.27
3992.3
3992.33
3992.37
3992.4
3992.43
3992.47
3992.53
3992.57
3992.6
3992.73
3992.77
3992.83
3992.87
3992.9
3992.93
3992.97
3993.03
3993.07
3993.13
3993.17
3993.2
3993.23
3993.27
3993.3
3993.33
3993.37
3993.4
3993.43
3993.47
3993.57
3993.6
3993.63
3993.73
3993.77
3993.87
3993.9
3993.93
3993.97
3994.0
3994.03
3994.07
3994.1
3994.13
3994.17
3994.2
3994.3
3994.33
3994.37
3994.43
3994.47
3994.57
3994.6
3994.63
3994.67
3994.73
3994.77
3994.8
3994.87
3994.9
3994.93
3994.97
3995.03
3995.07
3995.1
3995.13
3995.17
3995.2
3995.23
3995.33
3995.37
3995.4
3995.43
3995.47
3995.6
3995.63
3995.67
3995.7
3995.73
3995.77
3995.8
3995.83
3995.87
3995.9
3995.97
3996.07
3996.1
3996.17
3996.2
3996.37
3996.47
3996.6
3996.63
3996.67
3996.8
3996.83
3996.87
3996.9
3996.93
3996.97
3997.03
3997.07
3997.13
3997.23
3997.33
3997.47
3997.8
3997.83
3997.97
3998.27
3998.47
3998.6
3998.63
3998.67
3998.7
3998.73
3998.97
3999.2
3999.23
3999.47
3999.73
3999.8
3999.83
3999.9
3999.93
3999.97
4000.07
4000.37
4000.47
4000.63
4000.67
4000.77
4000.8
4000.83
4000.97
4001.2
4001.3
4001.33
4001.37
4001.47
4001.83
4001.87
4001.9
4001.97
4002.07
4002.1
4002.47
4002.77
4002.93
4002.97
4003.0
4003.03
4003.07
4003.13
4003.17
4003.2
4003.3
4003.47
4003.73
4003.77
4003.8
4003.83
4003.93
4003.97
4004.0
4004.03
4004.07
4004.13
4004.17
4004.2
4004.27
4004.33
4004.4
4004.47
4004.8
4004.9
4004.93
4004.97
4005.0
4005.03
4005.07
4005.13
4005.17
4005.23
4005.27
4005.3
4005.33
4005.43
4005.47
4005.73
4005.77
4005.83
4005.9
4005.93
4005.97
4006.1
4006.13
4006.23
4006.27
4006.3
4006.33
4006.4
4006.47
4006.73
4006.8
4006.83
4006.87
4006.9
4006.97
4007.1
4007.13
4007.17
4007.2
4007.23
4007.3
4007.33
4007.4
4007.43
4007.47
4007.7
4007.8
4007.93
4007.97
4008.03
4008.07
4008.1
4008.17
4008.2
4008.27
4008.3
4008.33
4008.37
4008.4
4008.47
4008.6
4008.63
4008.67
4008.7
4008.73
4008.77
4008.83
4008.87
4008.9
4008.97
4009.03
4009.13
4009.23
4009.27
4009.33
4009.37
4009.43
4009.47
4009.53
4009.57
4009.6
4009.63
4009.67
4009.7
4009.73
4009.77
4009.8
4009.83
4009.87
4009.9
4009.93
4009.97
4010.03
4010.13
4010.17
4010.2
4010.23
4010.27
4010.33
4010.4
4010.43
4010.47
4010.63
4010.7
4010.73
4010.77
4010.8
4010.83
4010.97
4011.23
4011.27
4011.3
4011.33
4011.37
4011.4
4011.43
4011.47
4011.73
4011.77
4011.83
4011.87
4011.93
4011.97
4012.03
4012.07
4012.1
4012.13
4012.2
4012.33
4012.43
4012.47
4012.73
4012.77
4012.97
4013.37
4013.4
4013.47
4013.8
4013.87
4013.9
4013.97
4014.03
4014.17
4014.27
4014.47
4014.7
4014.83
4014.87
4014.97
4015.1
4015.3
4015.4
4015.47
4015.67
4015.8
4015.97
4016.07
4016.1
4016.13
4016.17
4016.43
4016.47
4016.97
4017.17
4017.2
4017.23
4017.27
4017.3
4017.37
4017.4
4017.43
4017.47
4017.77
4017.9
4017.93
4017.97
4018.1
4018.47
4018.7
4018.9
4018.97
4019.0
4019.03
4019.07
4019.1
4019.2
4019.23
4019.3
4019.33
4019.43
4019.47
4019.53
4019.77
4019.8
4019.97
4020.27
4020.3
4020.33
4020.47
4020.67
4020.93
4020.97
4021.1
4021.13
4021.17
4021.2
4021.3
4021.33
4021.37
4021.4
4021.47
4021.53
4021.6
4021.7
4021.73
4021.77
4021.83
4021.9
4021.93
4021.97
4022.03
4022.13
4022.23
4022.27
4022.37
4022.47
4022.5
4022.53
4022.57
4022.6
4022.63
4022.67
4022.7
4022.77
4022.83
4022.9
4022.97
4023.07
4023.1
4023.13
4023.17
4023.2
4023.27
4023.4
4023.47
4023.53
4023.57
4023.6
4023.67
4023.9
4023.93
4023.97
4024.03
4024.1
4024.13
4024.17
4024.23
4024.27
4024.3
4024.33
4024.4
4024.43
4024.47
4024.57
4024.6
4024.7
4024.77
4024.83
4024.87
4024.9
4024.93
4024.97
4025.07
4025.1
4025.17
4025.23
4025.27
4025.37
4025.4
4025.43
4025.47
4025.57
4025.6
4025.63
4025.67
4025.7
4025.73
4025.77
4025.8
4025.83
4025.87
4025.9
4025.93
4025.97
4026.03
4026.07
4026.1
4026.13
4026.17
4026.2
4026.3
4026.33
4026.4
4026.43
4026.47
4026.5
4026.53
4026.57
4026.63
4026.67
4026.7
4026.77
4026.8
4026.83
4026.87
4026.9
4026.97
4027.03
4027.1
4027.17
4027.2
4027.27
4027.3
4027.37
4027.4
4027.47
4027.6
4027.73
4027.77
4027.9
4027.93
4027.97
4028.03
4028.07
4028.1
4028.17
4028.23
4028.27
4028.3
4028.33
4028.37
4028.4
4028.43
4028.47
4028.53
4028.7
4028.8
4028.83
4028.87
4028.93
4028.97
4029.07
4029.1
4029.13
4029.27
4029.3
4029.37
4029.43
4029.47
4029.57
4029.6
4029.67
4029.7
4029.8
4029.87
4029.97
4030.03
4030.1
4030.17
4030.33
4030.37
4030.43
4030.47
4030.57
4030.6
4030.67
4030.83
4030.87
4030.9
4030.93
4030.97
4031.0
4031.03
4031.1
4031.13
4031.17
4031.2
4031.23
4031.3
4031.33
4031.37
4031.47
4031.53
4031.67
4031.73
4031.77
4031.83
4031.87
4031.9
4031.93
4031.97
4032.03
4032.1
4032.13
4032.17
4032.2
4032.27
4032.3
4032.33
4032.37
4032.4
4032.47
4032.57
4032.73
4032.8
4032.83
4032.87
4032.9
4032.97
4033.07
4033.1
4033.13
4033.17
4033.2
4033.3
4033.4
4033.43
4033.47
4033.53
4033.57
4033.6
4033.63
4033.67
4033.7
4033.8
4033.83
4033.9
4033.93
4033.97
4034.03
4034.13
4034.17
4034.2
4034.23
4034.27
4034.3
4034.33
4034.37
4034.4
4034.43
4034.47
4034.57
4034.6
4034.63
4034.67
4034.7
4034.73
4034.77
4034.83
4034.87
4034.9
4034.93
4034.97
4035.1
4035.13
4035.2
4035.23
4035.27
4035.3
4035.33
4035.4
4035.47
4035.53
4035.57
4035.6
4035.7
4035.73
4035.77
4035.83
4035.87
4035.9
4035.93
4035.97
4036.07
4036.1
4036.13
4036.2
4036.23
4036.3
4036.33
4036.37
4036.4
4036.43
4036.47
4036.53
4036.57
4036.6
4036.63
4036.7
4036.73
4036.77
4036.8
4036.83
4036.87
4036.9
4036.93
4036.97
4037.03
4037.1
4037.13
4037.17
4037.2
4037.23
4037.3
4037.33
4037.37
4037.4
4037.43
4037.47
4037.53
4037.6
4037.63
4037.67
4037.73
4037.8
4037.83
4037.87
4037.9
4037.97
4038.03
4038.1
4038.13
4038.2
4038.23
4038.27
4038.3
4038.33
4038.4
4038.43
4038.47
4038.53
4038.57
4038.6
4038.63
4038.67
4038.7
4038.73
4038.77
4038.8
4038.83
4038.93
4038.97
4039.1
4039.2
4039.27
4039.33
4039.37
4039.4
4039.43
4039.47
4039.53
4039.57
4039.6
4039.63
4039.67
4039.7
4039.8
4039.83
4039.87
4039.9
4039.93
4039.97
4040.03
4040.07
4040.13
4040.17
4040.2
4040.23
4040.27
4040.3
4040.33
4040.37
4040.4
4040.43
4040.47
4040.53
4040.57
4040.6
4040.63
4040.67
4040.7
4040.73
4040.77
4040.8
4040.83
4040.87
4040.93
4040.97
4041.03
4041.07
4041.1
4041.13
4041.17
4041.2
4041.23
4041.27
4041.3
4041.33
4041.37
4041.4
4041.47
4041.6
4041.63
4041.67
4041.7
4041.73
4041.77
4041.8
4041.83
4041.87
4041.9
4041.93
4041.97
4042.47
4042.8
4042.9
4042.93
4042.97
4043.33
4043.37
4043.4
4043.47
4043.57
4043.73
4043.77
4043.8
4043.83
4043.87
4043.9
4043.93
4043.97
4044.0
4044.03
4044.1
4044.13
4044.17
4044.2
4044.3
4044.33
4044.37
4044.4
4044.47
4044.53
4044.57
4044.6
4044.63
4044.67
4044.7
4044.73
4044.77
4044.8
4044.83
4044.93
4044.97
4045.07
4045.1
4045.13
4045.17
4045.2
4045.23
4045.27
4045.3
4045.37
4045.4
4045.43
4045.47
4045.57
4045.6
4045.63
4045.67
4045.73
4045.77
4045.8
4045.83
4045.87
4045.9
4045.93
4045.97
4046.03
4046.07
4046.1
4046.13
4046.17
4046.2
4046.23
4046.27
4046.3
4046.33
4046.37
4046.43
4046.47
4046.57
4046.67
4046.7
4046.73
4046.77
4046.8
4046.87
4046.9
4046.93
4046.97
4047.03
4047.07
4047.1
4047.13
4047.17
4047.2
4047.23
4047.27
4047.3
4047.33
4047.37
4047.4
4047.43
4047.47
4047.57
4047.6
4047.67
4047.7
4047.73
4047.77
4047.8
4047.87
4047.97
4048.03
4048.07
4048.17
4048.23
4048.27
4048.3
4048.33
4048.37
4048.43
4048.47
4048.5
4048.57
4048.6
4048.63
4048.67
4048.7
4048.73
4048.8
4048.83
4048.87
4048.9
4048.93
4048.97
4049.07
4049.1
4049.17
4049.2
4049.3
4049.33
4049.47
4049.6
4049.63
4049.67
4049.7
4049.73
4049.77
4049.8
4049.83
4049.87
4049.9
4049.93
4049.97
4050.07
4050.1
4050.13
4050.17
4050.2
4050.23
4050.27
4050.3
4050.33
4050.37
4050.4
4050.43
4050.47
4050.53
4050.57
4050.6
4050.67
4050.7
4050.73
4050.77
4050.8
4050.83
4050.9
4050.97
4051.03
4051.07
4051.1
4051.13
4051.17
4051.2
4051.23
4051.27
4051.3
4051.33
4051.37
4051.4
4051.43
4051.47
4051.5
4051.53
4051.57
4051.6
4051.63
4051.67
4051.7
4051.73
4051.77
4051.8
4051.83
4051.87
4051.9
4051.93
4051.97
4052.0
4052.03
4052.07
4052.1
4052.13
4052.17
4052.2
4052.23
4052.27
4052.3
4052.33
4052.37
4052.4
4052.43
4052.47
4052.5
4052.53
4052.57
4052.6
4052.63
4052.67
4052.7
4052.73
4052.77
4052.8
4052.83
4052.87
4052.9
4052.93
4052.97
4053.0
4053.03
4053.07
4053.1
4053.13
4053.17
4053.2
4053.23
4053.27
4053.3
4053.33
4053.37
4053.4
4053.43
4053.47
4053.5
4053.53
4053.57
4053.6
4053.63
4053.67
4053.7
4053.73
4053.77
4053.8
4053.83
4053.87
4053.9
4053.93
4053.97
4054.0
4054.03
4054.07
4054.1
4054.13
4054.17
4054.2
4054.23
4054.27
4054.3
4054.33
4054.37
4054.4
4054.43
4054.47
4054.5
4054.53
4054.57
4054.6
4054.63
4054.67
4054.7
4054.73
4054.77
4054.8
4054.83
4054.87
4054.9
4054.93
4054.97
4055.0
4055.03
4055.07
4055.1
4055.13
4055.17
4055.2
4055.23
4055.27
4055.3
4055.33
4055.37
4055.4
4055.43
4055.47
4055.5
4055.53
4055.57
4055.6
4055.63
4055.67
4055.7
4055.73
4055.77
4055.8
4055.83
4055.87
4055.9
4055.93
4055.97
4056.0
4056.03
4056.07
4056.1
4056.13
4056.17
4056.2
4056.23
4056.27
4056.3
4056.33
4056.37
4056.4
4056.43
4056.47
4056.5
4056.53
4056.57
4056.6
4056.63
4056.67
4056.7
4056.73
4056.77
4056.8
4056.83
4056.87
4056.9
4056.93
4056.97
4057.0
4057.03
4057.07
4057.1
4057.13
4057.17
4057.2
4057.23
4057.27
4057.3
4057.33
4057.37
4057.4
4057.43
4057.47
4057.5
4057.53
4057.57
4057.6
4057.63
4057.67
4057.7
4057.73
4057.77
4057.8
4057.83
4057.87
4057.9
4057.93
4057.97
4058.0
4058.03
4058.07
4058.1
4058.13
4058.17
4058.2
4058.23
4058.27
4058.3
4058.33
4058.37
4058.4
4058.43
4058.47
4058.53
4058.6
4058.63
4058.67
4058.7
4058.73
4058.77
4058.8
4058.83
4058.87
4058.9
4058.93
4058.97
4059.0
4059.03
4059.07
4059.1
4059.13
4059.17
4059.2
4059.23
4059.27
4059.3
4059.33
4059.37
4059.4
4059.43
4059.47
4059.53
4059.57
4059.6
4059.63
4059.67
4059.7
4059.73
4059.77
4059.8
4059.83
4059.87
4059.9
4059.93
4059.97
4060.03
4060.07
4060.1
4060.13
4060.17
4060.2
4060.23
4060.27
4060.3
4060.33
4060.37
4060.4
4060.43
4060.47
4060.5
4060.53
4060.57
4060.63
4060.67
4060.7
4060.73
4060.77
4060.8
4060.83
4060.87
4060.9
4060.93
4060.97
4061.03
4061.07
4061.1
4061.13
4061.17
4061.2
4061.23
4061.27
4061.3
4061.33
4061.37
4061.4
4061.43
4061.47
4061.53
4061.6
4061.63
4061.7
4061.73
4061.77
4061.8
4061.83
4061.87
4061.9
4061.93
4061.97
4062.03
4062.1
4062.13
4062.17
4062.2
4062.23
4062.27
4062.3
4062.33
4062.37
4062.4
4062.43
4062.47
4062.53
4062.57
4062.6
4062.63
4062.67
4062.7
4062.73
4062.77
4062.8
4062.83
4062.87
4062.9
4062.93
4062.97
4063.0
4063.07
4063.1
4063.13
4063.17
4063.2
4063.23
4063.27
4063.3
4063.33
4063.37
4063.4
4063.43
4063.47
4063.5
4063.53
4063.57
4063.6
4063.63
4063.7
4063.73
4063.77
4063.8
4063.83
4063.87
4063.9
4063.93
4063.97
4064.0
4064.03
4064.07
4064.1
4064.13
4064.17
4064.23
4064.27
4064.3
4064.33
4064.37
4064.4
4064.43
4064.47
4064.6
4064.63
4064.8
4064.83
4064.87
4064.9
4064.93
4064.97
4065.27
4065.33
4065.4
4065.47
4065.8
4065.93
4065.97
4066.07
4066.13
4066.37
4066.47
4066.6
4066.73
4066.77
4066.87
4066.97
4067.0
4067.17
4067.2
4067.47
4067.5
4067.67
4067.7
4067.73
4067.77
4067.8
4067.83
4067.87
4067.9
4067.93
4067.97
4068.07
4068.1
4068.13
4068.17
4068.47
4068.53
4068.6
4068.63
4068.8
4068.87
4068.9
4068.97
4069.1
4069.47
4069.6
4069.63
4069.77
4069.97
4070.07
4070.1
4070.2
4070.27
4070.37
4070.43
4070.47
4070.53
4070.57
4070.63
4070.8
4070.83
4070.87
4070.97
4071.03
4071.13
4071.17
4071.3
4071.33
4071.47
4071.6
4071.67
4071.7
4071.77
4071.83
4071.87
4071.9
4071.97
4072.03
4072.13
4072.2
4072.23
4072.33
4072.37
4072.4
4072.47
4072.57
4072.6
4072.63
4072.67
4072.73
4072.77
4072.8
4072.83
4072.93
4072.97
4073.0
4073.1
4073.17
4073.2
4073.23
4073.27
4073.33
4073.37
4073.4
4073.43
4073.47
4073.53
4073.6
4073.63
4073.67
4073.7
4073.77
4073.83
4073.87
4073.93
4073.97
4074.07
4074.23
4074.27
4074.3
4074.4
4074.43
4074.47
4074.63
4074.67
4074.7
4074.8
4074.83
4074.87
4074.9
4074.93
4074.97
4075.17
4075.3
4075.37
4075.43
4075.47
4075.57
4075.63
4075.67
4075.7
4075.73
4075.87
4075.93
4075.97
4076.17
4076.47
4076.6
4076.63
4076.67
4076.7
4076.73
4076.77
4076.8
4076.83
4076.87
4076.9
4076.93
4076.97
4077.03
4077.13
4077.17
4077.27
4077.3
4077.33
4077.37
4077.47
4077.53
4077.57
4077.6
4077.63
4077.73
4077.93
4077.97
4078.1
4078.13
4078.17
4078.2
4078.23
4078.27
4078.3
4078.33
4078.37
4078.4
4078.47
4078.53
4078.6
4078.67
4078.7
4078.73
4078.93
4078.97
4079.07
4079.1
4079.13
4079.17
4079.2
4079.23
4079.27
4079.33
4079.47
4079.67
4079.73
4079.77
4079.8
4079.87
4079.93
4079.97
4080.07
4080.1
4080.13
4080.17
4080.2
4080.23
4080.27
4080.3
4080.33
4080.37
4080.4
4080.47
4080.5
4080.53
4080.57
4080.6
4080.63
4080.7
4080.73
4080.77
4080.8
4080.83
4080.87
4080.9
4080.93
4080.97
4081.0
4081.03
4081.07
4081.1
4081.13
4081.17
4081.2
4081.23
4081.27
4081.3
4081.33
4081.37
4081.4
4081.43
4081.47
4081.5
4081.57
4081.6
4081.63
4081.67
4081.7
4081.73
4081.77
4081.8
4081.83
4081.87
4081.93
4081.97
4082.0
4082.13
4082.2
4082.23
4082.27
4082.3
4082.33
4082.37
4082.4
4082.43
4082.47
4082.53
4082.57
4082.6
4082.63
4082.67
4082.7
4082.77
4082.8
4082.83
4082.87
4082.9
4082.93
4082.97
4083.03
4083.07
4083.1
4083.23
4083.27
4083.33
4083.4
4083.43
4083.47
4083.63
4083.67
4083.73
4083.77
4083.8
4083.87
4083.9
4083.93
4083.97
4084.07
4084.1
4084.27
4084.3
4084.33
4084.4
4084.43
4084.47
4084.57
4084.63
4084.67
4084.73
4084.77
4084.8
4084.83
4084.87
4084.9
4084.97
4085.03
4085.07
4085.1
4085.13
4085.2
4085.23
4085.27
4085.3
4085.33
4085.37
4085.4
4085.43
4085.47
4085.6
4085.63
4085.7
4085.73
4085.77
4085.83
4085.87
4085.9
4085.97
4086.03
4086.07
4086.1
4086.13
4086.17
4086.2
4086.23
4086.27
4086.33
4086.37
4086.4
4086.43
4086.47
4086.5
4086.57
4086.67
4086.7
4086.73
4086.77
4086.9
4086.93
4086.97
4087.0
4087.03
4087.13
4087.17
4087.2
4087.23
4087.27
4087.3
4087.33
4087.37
4087.4
4087.47
4087.5
4087.53
4087.57
4087.6
4087.63
4087.67
4087.7
4087.73
4087.77
4087.8
4087.83
4087.87
4087.9
4087.93
4087.97
4088.0
4088.07
4088.1
4088.13
4088.17
4088.23
4088.27
4088.47
4088.57
4088.6
4088.63
4088.67
4088.7
4088.73
4088.77
4088.8
4088.83
4088.87
4088.9
4088.93
4088.97
4089.07
4089.1
4089.17
4089.2
4089.27
4089.3
4089.33
4089.37
4089.43
4089.47
4089.63
4089.67
4089.73
4089.8
4089.83
4089.9
4089.93
4089.97
4090.1
4090.3
4090.33
4090.4
4090.47
4090.53
4090.57
4090.6
4090.77
4090.8
4090.83
4090.87
4090.9
4091.77
4092.27
4092.77
4093.27
4093.77
4094.27
4094.77
4095.27
4095.77
4096.0
4096.07
4096.17
4096.33
4096.43
4096.5
4096.63
4096.67
4096.7
4096.73
4096.9
4096.93
4096.97
4097.0
4097.5
4097.7
4097.73
4097.77
4097.87
4098.0
4098.17
4098.4
4098.5
4098.83
4098.93
4099.0
4099.47
4099.5
4099.67
4099.7
4099.73
4099.77
4099.8
4099.83
4099.87
4099.9
4099.93
4099.97
4100.0
4100.1
4100.13
4100.17
4100.23
4100.3
4100.33
4100.37
4100.5
4100.77
4101.0
4101.13
4101.17
4101.2
4101.27
4101.3
4101.33
4101.37
4101.4
4101.43
4101.5
4101.6
4101.67
4101.7
4101.73
4101.77
4101.8
4101.9
4101.93
4102.0
4102.1
4102.13
4102.33
4102.37
4102.4
4102.5
4102.6
4102.63
4102.67
4103.0
4103.1
4103.13
4103.23
4103.27
4103.3
4103.33
4103.5
4103.77
4104.0
4104.13
4104.17
4104.2
4104.23
4104.27
4104.3
4104.33
4104.37
4104.4
4104.43
4104.47
4104.5
4104.73
4104.77
4104.83
4104.87
4104.93
4104.97
4105.0
4105.07
4105.13
4105.17
4105.2
4105.23
4105.27
4105.3
4105.33
4105.37
4105.4
4105.43
4105.47
4105.5
4105.6
4105.67
4105.7
4105.83
4105.87
4106.0
4106.13
4106.17
4106.2
4106.23
4106.27
4106.3
4106.33
4106.37
4106.43
4106.5
4106.63
4106.73
4106.77
4106.8
4106.83
4106.87
4107.0
4107.2
4107.23
4107.27
4107.3
4107.33
4107.37
4107.4
4107.43
4107.5
4107.6
4107.63
4107.67
4107.73
4107.77
4107.8
4107.83
4107.87
4107.9
4107.93
4108.0
4108.07
4108.2
4108.23
4108.27
4108.3
4108.33
4108.37
4108.4
4108.43
4108.47
4108.5
4108.57
4108.6
4108.63
4108.67
4108.7
4108.73
4108.77
4108.8
4108.83
4108.87
4108.9
4108.93
4109.0
4109.23
4109.27
4109.33
4109.5
4109.57
4109.6
4109.63
4109.67
4109.7
4109.73
4109.77
4109.8
4109.83
4109.87
4109.9
4110.0
4110.07
4110.13
4110.17
4110.2
4110.23
4110.27
4110.3
4110.33
4110.37
4110.4
4110.43
4110.47
4110.5
4110.57
4110.6
4110.63
4110.67
4110.7
4110.73
4110.77
4110.8
4110.83
4110.9
4111.0
4111.13
4111.2
4111.23
4111.27
4111.3
4111.33
4111.37
4111.4
4111.43
4111.47
4111.5
4111.6
4111.63
4111.67
4111.7
4111.73
4111.77
4111.8
4111.83
4111.87
4111.9
4111.97
4112.0
4112.07
4112.1
4112.17
4112.2
4112.23
4112.27
4112.3
4112.33
4112.37
4112.43
4112.5
4112.57
4112.6
4112.63
4112.67
4112.7
4112.73
4112.77
4112.8
4112.83
4112.87
4112.9
4112.93
4112.97
4113.0
4113.03
4113.1
4113.13
4113.2
4113.23
4113.3
4113.33
4113.37
4113.43
4113.47
4113.5
4113.57
4113.6
4113.63
4113.67
4113.7
4113.73
4113.77
4113.8
4113.83
4113.87
4113.9
4113.97
4114.0
4114.07
4114.1
4114.13
4114.17
4114.23
4114.27
4114.33
4114.4
4114.43
4114.5
4114.63
4114.67
4114.7
4114.77
4114.8
4114.83
4114.87
4114.9
4114.93
4114.97
4115.0
4115.1
4115.13
4115.17
4115.2
4115.23
4115.27
4115.3
4115.4
4115.43
4115.47
4115.5
4115.6
4115.63
4115.67
4115.7
4115.73
4115.8
4115.83
4115.87
4115.9
4115.93
4116.0
4116.1
4116.13
4116.2
4116.23
4116.27
4116.3
4116.33
4116.4
4116.43
4116.47
4116.5
4116.63
4116.7
4116.77
4116.8
4116.83
4116.87
4116.93
4116.97
4117.0
4117.13
4117.17
4117.2
4117.23
4117.27
4117.3
4117.33
4117.4
4117.43
4117.47
4117.5
4117.57
4117.6
4117.63
4117.67
4117.7
4117.77
4117.8
4117.83
4117.9
4117.97
4118.0
4118.1
4118.13
4118.17
4118.2
4118.23
4118.27
4118.3
4118.33
4118.37
4118.4
4118.43
4118.5
4118.53
4118.57
4118.6
4118.63
4118.67
4118.7
4118.73
4118.77
4118.83
4118.9
4118.93
4118.97
4119.0
4119.03
4119.07
4119.1
4119.13
4119.17
4119.2
4119.23
4119.27
4119.3
4119.33
4119.37
4119.4
4119.43
4119.47
4119.5
4119.57
4119.6
4119.63
4119.67
4119.7
4119.73
4119.77
4119.8
4119.83
4119.87
4119.9
4119.93
4119.97
4120.0
4120.03
4120.07
4120.1
4120.13
4120.17
4120.2
4120.23
4120.27
4120.3
4120.33
4120.37
4120.4
4120.47
4120.5
4120.53
4120.67
4120.7
4120.73
4120.77
4120.83
4120.87
4120.9
4120.93
4120.97
4121.0
4121.07
4121.1
4121.13
4121.17
4121.2
4121.23
4121.27
4121.3
4121.33
4121.37
4121.43
4121.47
4121.5
4121.63
4121.67
4121.7
4121.73
4121.77
4121.8
4121.83
4121.87
4121.9
4121.93
4121.97
4122.0
4122.07
4122.1
4122.13
4122.17
4122.2
4122.23
4122.27
4122.3
4122.33
4122.37
4122.4
4122.43
4122.47
4122.5
4122.7
4122.73
4122.77
4122.83
4122.87
4122.93
4122.97
4123.0
4123.07
4123.1
4123.13
4123.17
4123.2
4123.23
4123.27
4123.3
4123.33
4123.37
4123.4
4123.43
4123.47
4123.5
4123.57
4123.63
4123.67
4123.7
4123.73
4123.77
4123.8
4123.87
4123.9
4123.93
4124.0
4124.07
4124.1
4124.13
4124.17
4124.2
4124.23
4124.27
4124.3
4124.33
4124.4
4124.47
4124.5
4124.57
4124.6
4124.63
4124.67
4124.7
4124.73
4124.77
4124.83
4124.87
4124.9
4124.93
4124.97
4125.0
4125.1
4125.13
4125.17
4125.2
4125.23
4125.27
4125.3
4125.33
4125.37
4125.4
4125.43
4125.47
4125.5
4125.67
4125.7
4125.73
4125.77
4125.8
4125.83
4125.87
4125.9
4125.93
4125.97
4126.0
4126.1
4126.13
4126.17
4126.2
4126.23
4126.27
4126.3
4126.33
4126.37
4126.4
4126.43
4126.47
4126.5
4126.57
4126.6
4126.63
4126.7
4126.73
4126.77
4126.8
4126.83
4126.87
4126.9
4126.93
4126.97
4127.0
4127.07
4127.1
4127.13
4127.17
4127.2
4127.23
4127.27
4127.3
4127.33
4127.37
4127.4
4127.43
4127.47
4127.5
4127.6
4127.63
4127.67
4127.7
4127.73
4127.77
4127.8
4127.83
4127.93
4127.97
4128.0
4128.13
4128.17
4128.2
4128.23
4128.27
4128.3
4128.33
4128.4
4128.43
4128.47
4128.5
4128.67
4128.73
4128.77
4128.8
4128.83
4128.93
4128.97
4129.0
4129.03
4129.07
4129.1
4129.17
4129.23
4129.3
4129.33
4129.4
4129.47
4129.5
4129.67
4129.73
4129.77
4129.83
4129.87
4129.9
4129.93
4129.97
4130.0
4130.03
4130.07
4130.1
4130.13
4130.17
4130.2
4130.23
4130.27
4130.3
4130.33
4130.37
4130.4
4130.43
4130.5
4130.57
4130.6
4130.63
4130.67
4130.7
4130.73
4130.77
4130.8
4130.83
4130.93
4131.0
4131.03
4131.07
4131.13
4131.17
4131.2
4131.23
4131.27
4131.3
4131.33
4131.37
4131.4
4131.43
4131.47
4131.5
4131.53
4131.57
4131.6
4131.63
4131.67
4131.7
4131.77
4131.8
4131.83
4131.9
4131.93
4131.97
4132.0
4132.07
4132.13
4132.17
4132.2
4132.23
4132.27
4132.3
4132.33
4132.37
4132.43
4132.5
4132.67
4132.7
4132.83
4132.93
4132.97
4133.0
4133.07
4133.2
4133.3
4133.33
4133.37
4133.4
4133.43
4133.5
4133.57
4133.7
4133.73
4133.83
4133.87
4133.9
4133.97
4134.0
4134.17
4134.23
4134.27
4134.3
4134.33
4134.37
4134.4
4134.43
4134.47
4134.5
4134.63
4134.67
4134.7
4134.8
4134.83
4134.87
4134.9
4134.97
4135.0
4135.17
4135.23
4135.27
4135.37
4135.5
4135.63
4135.8
4136.0
4136.07
4136.1
4136.27
4136.3
4136.33
4136.37
4136.47
4136.5
4136.6
4136.63
4136.67
4136.73
4136.8
4136.87
4136.9
4136.93
4136.97
4137.0
4137.1
4137.17
4137.2
4137.23
4137.27
4137.3
4137.37
4137.4
4137.43
4137.5
4137.63
4137.67
4137.7
4137.73
4137.77
4137.83
4137.87
4137.9
4137.93
4137.97
4138.0
4138.1
4138.17
4138.2
4138.23
4138.27
4138.3
4138.43
4138.47
4138.5
4138.53
4138.77
4138.83
4138.87
4138.9
4138.93
4138.97
4139.0
4139.33
4139.43
4139.47
4139.5
4139.6
4139.63
4139.67
4139.7
4139.77
4139.8
4139.83
4139.87
4139.93
4140.0
4140.17
4140.2
4140.3
4140.33
4140.37
4140.4
4140.47
4140.5
4140.57
4140.63
4140.67
4140.73
4140.83
4140.9
4140.93
4141.0
4141.07
4141.13
4141.17
4141.2
4141.27
4141.3
4141.43
4141.47
4141.5
4141.57
4141.67
4141.73
4141.77
4141.8
4141.9
4142.0
4142.1
4142.13
4142.17
4142.23
4142.4
4142.43
4142.5
4142.67
4142.7
4142.73
4142.77
4142.83
4142.87
4142.93
4143.0
4143.23
4143.37
4143.4
4143.5
4143.53
4143.6
4143.63
4143.67
4143.7
4143.8
4143.97
4144.0
4144.03
4144.07
4144.3
4144.33
4144.37
4144.43
4144.47
4144.5
4144.6
4144.63
4144.7
4144.77
4144.8
4144.93
4144.97
4145.0
4145.27
4145.4
4145.5
4145.73
4145.97
4146.0
4146.5
4146.57
4146.6
4146.67
4146.97
4147.0
4147.17
4147.2
4147.43
4147.5
4147.87
4148.0
4148.1
4148.13
4148.4
4148.5
4148.63
4148.67
4148.7
4148.77
4148.83
4148.87
4148.93
4149.0
4149.13
4149.33
4149.43
4149.5
4149.57
4149.6
4149.63
4149.67
4149.7
4149.73
4149.77
4149.8
4149.83
4149.87
4149.9
4149.93
4150.0
4150.1
4150.2
4150.37
4150.4
4150.43
4150.5
4150.53
4150.6
4150.63
4150.67
4150.7
4150.77
4150.8
4150.83
4150.87
4150.9
4151.0
4151.1
4151.23
4151.27
4151.33
4151.37
4151.4
4151.5
4151.6
4151.73
4151.83
4151.87
4151.93
4152.0
4152.07
4152.13
4152.17
4152.23
4152.27
4152.3
4152.33
4152.47
4152.5
4152.6
4152.63
4152.83
4152.9
4153.0
4153.03
4153.2
4153.3
4153.43
4153.47
4153.5
4153.6
4153.77
4153.8
4153.83
4153.87
4153.9
4153.93
4153.97
4154.0
4154.1
4154.13
4154.17
4154.27
4154.33
4154.37
4154.4
4154.43
4154.47
4154.5
4154.73
4154.9
4154.97
4155.0
4155.03
4155.07
4155.17
4155.23
4155.27
4155.3
4155.4
4155.43
4155.5
4155.6
4155.63
4155.67
4155.8
4155.9
4155.93
4155.97
4156.0
4156.07
4156.1
4156.23
4156.27
4156.3
4156.37
4156.4
4156.43
4156.47
4156.5
4156.6
4156.63
4156.7
4156.73
4156.83
4156.97
4157.0
4157.1
4157.23
4157.37
4157.47
4157.5
4157.63
4157.67
4157.7
4157.77
4157.87
4158.0
4158.13
4158.2
4158.23
4158.5
4158.9
4159.0
4159.5
4159.57
4159.83
4159.9
4160.0
4160.17
4160.23
4160.27
4160.3
4160.37
4160.4
4160.47
4160.5
4160.67
4161.0
4161.17
4161.2
4161.4
4161.5
4161.6
4161.63
4161.67
4161.8
4161.83
4161.87
4161.9
4162.0
4162.3
4162.33
4162.37
4162.4
4162.43
4162.5
4162.67
4162.73
4163.0
4163.3
4163.47
4163.5
4163.53
4163.57
4163.6
4163.7
4163.87
4164.0
4164.03
4164.1
4164.13
4164.37
4164.4
4164.5
4164.8
4164.9
4165.0
4165.1
4165.5
4165.9
4166.0
4166.4
4166.43
4166.5
4167.0
4167.17
4167.23
4167.27
4167.33
4167.5
4168.0
4168.03
4168.07
4168.1
4168.2
4168.23
4168.33
4168.5
4168.63
4168.67
4168.87
4168.9
4169.0
4169.03
4169.17
4169.27
4169.5
4169.73
4170.0
4170.07
4170.1
4170.2
4170.5
4170.57
4170.73
4170.97
4171.0
4171.17
4171.2
4171.37
4171.43
4171.5
4171.67
4171.7
4171.77
4172.0
4172.5
4172.67
4173.0
4173.37
4173.4
4173.5
4173.63
4173.73
4173.77
4173.97
4174.0
4174.1
4174.13
4174.17
4174.2
4174.3
4174.33
4174.37
4174.43
4174.5
4174.57
4174.6
4174.63
4174.67
4174.73
4174.8
4174.83
4175.0
4175.13
4175.17
4175.27
4175.3
4175.37
4175.5
4175.63
4175.77
4175.83
4176.0
4176.03
4176.5
4176.6
4176.63
4176.67
4176.7
4176.73
4176.8
4176.83
4177.0
4177.03
4177.07
4177.47
4177.5
4177.67
4177.83
4177.9
4177.97
4178.0
4178.13
4178.17
4178.2
4178.23
4178.27
4178.3
4178.33
4178.37
4178.4
4178.5
4178.53
4178.57
4178.63
4178.67
4178.7
4178.73
4178.77
4178.8
4178.83
4178.87
4178.97
4179.0
4179.13
4179.17
4179.2
4179.23
4179.27
4179.3
4179.37
4179.4
4179.47
4179.5
4179.6
4179.63
4179.67
4179.7
4179.73
4179.83
4179.87
4179.9
4179.93
4179.97
4180.0
4180.1
4180.17
4180.2
4180.23
4180.3
4180.37
4180.4
4180.43
4180.47
4180.5
4180.63
4180.67
4180.8
4180.83
4181.0
4181.07
4181.1
4181.13
4181.2
4181.3
4181.33
4181.37
4181.4
4181.43
4181.47
4181.5
4181.53
4181.57
4181.6
4181.63
4181.67
4181.7
4181.73
4181.77
4181.83
4181.87
4181.9
4181.93
4182.0
4182.07
4182.1
4182.13
4182.17
4182.2
4182.27
4182.3
4182.33
4182.37
4182.4
4182.47
4182.5
4182.6
4182.67
4182.73
4182.77
4182.87
4182.9
4182.93
4182.97
4183.0
4183.13
4183.17
4183.27
4183.3
4183.33
4183.37
4183.4
4183.43
4183.47
4183.5
4183.63
4183.67
4183.7
4183.77
4183.83
4183.87
4183.9
4183.93
4183.97
4184.0
4184.17
4184.2
4184.23
4184.3
4184.37
4184.5
4184.63
4184.73
4184.83
4184.87
4185.0
4185.13
4185.17
4185.2
4185.3
4185.5
4185.57
4185.83
4186.0
4186.07
4186.1
4186.13
4186.17
4186.2
4186.23
4186.3
4186.43
4186.5
4186.87
4186.9
4187.0
4187.17
4187.5
4187.53
4187.93
4188.0
4188.1
4188.5
4189.0
4189.17
4189.3
4189.37
4189.5
4189.87
4189.9
4190.0
4190.33
4190.5
4190.73
4190.9
4191.0
4191.5
4191.7
4191.73
4191.87
4192.0
4192.2
4192.5
4192.63
4192.73
4192.93
4193.0
4193.5
4193.6
4194.0
4194.17
4194.4
4194.47
4194.5
4194.77
4194.93
4195.0
4195.5
4195.57
4195.63
4195.67
4195.7
4195.8
4195.83
4196.0
4196.03
4196.23
4196.33
4196.47
4196.5
4197.0
4197.23
4197.27
4197.3
4197.5
4197.7
4197.8
4197.83
4197.9
4198.0
4198.3
4198.5
4199.0
4199.23
4199.3
4199.33
4199.47
4199.5
4199.67
4199.7
4199.77
4199.83
4199.87
4200.0
4200.23
4200.37
4200.47
4200.5
4200.57
4201.0
4201.2
4201.27
4201.33
4201.37
4201.47
4201.5
4201.57
4201.67
4202.0
4202.03
4202.07
4202.1
4202.13
4202.33
4202.43
4202.5
4202.57
4202.63
4202.67
4202.73
4202.83
4203.0
4203.4
4203.5
4203.53
4203.57
4203.67
4203.7
4203.73
4203.8
4203.93
4204.0
4204.07
4204.13
4204.23
4204.27
4204.33
4204.37
4204.4
4204.43
4204.47
4204.5
4204.53
4204.6
4204.73
4204.77
4204.8
4204.83
4204.9
4204.93
4205.0
4205.1
4205.17
4205.2
4205.3
4205.33
4205.43
4205.5
4205.57
4205.6
4205.63
4205.67
4205.7
4205.73
4205.8
4205.83
4205.87
4205.9
4205.93
4205.97
4206.0
4206.03
4206.07
4206.1
4206.17
4206.2
4206.3
4206.4
4206.47
4206.5
4206.6
4206.63
4206.67
4206.7
4206.77
4206.8
4206.87
4206.9
4206.97
4207.0
4207.13
4207.17
4207.2
4207.27
4207.33
4207.5
4207.57
4207.6
4207.63
4207.67
4207.7
4207.77
4207.83
4207.87
4207.9
4207.93
4207.97
4208.0
4208.03
4208.2
4208.23
4208.33
4208.37
4208.5
4208.63
4208.77
4208.93
4208.97
4209.0
4209.23
4209.43
4209.47
4209.5
4209.6
4209.7
4209.73
4209.77
4209.83
4209.93
4209.97
4210.0
4210.13
4210.2
4210.23
4210.27
4210.33
4210.4
4210.43
4210.47
4210.5
4210.63
4210.67
4210.73
4210.77
4210.8
4210.83
4210.87
4210.93
4211.0
4211.1
4211.13
4211.2
4211.23
4211.27
4211.33
4211.4
4211.43
4211.5
4211.73
4211.8
4211.83
4212.0
4212.07
4212.1
4212.13
4212.2
4212.23
4212.33
4212.4
4212.47
4212.5
4212.57
4212.6
4212.63
4212.8
4212.83
4212.93
4213.0
4213.13
4213.17
4213.23
4213.27
4213.4
4213.47
4213.5
4213.57
4213.6
4213.67
4213.73
4213.77
4213.8
4213.83
4213.87
4213.93
4213.97
4214.0
4214.13
4214.27
4214.33
4214.37
4214.5
4214.7
4214.73
4214.77
4214.8
4214.87
4214.93
4215.0
4215.33
4215.4
4215.43
4215.5
4215.63
4215.8
4215.87
4215.9
4215.93
4215.97
4216.0
4216.17
4216.2
4216.23
4216.3
4216.33
4216.37
4216.4
4216.43
4216.47
4216.5
4216.6
4216.63
4216.67
4216.7
4216.73
4216.77
4216.8
4216.83
4216.87
4216.9
4216.93
4216.97
4217.0
4217.07
4217.1
4217.13
4217.2
4217.23
4217.27
4217.3
4217.33
4217.37
4217.4
4217.43
4217.47
4217.5
4217.6
4217.63
4217.73
4217.77
4217.8
4217.83
4218.0
4218.07
4218.27
4218.5
4218.63
4218.67
4218.77
4218.83
4218.9
4218.97
4219.0
4219.33
4219.43
4219.47
4219.5
4219.87
4219.9
4220.0
4220.5
4220.67
4220.73
4221.0
4221.17
4221.4
4221.47
4221.5
4221.7
4221.73
4221.83
4222.0
4222.2
4222.23
4222.37
4222.43
4222.5
4222.57
4222.7
4223.0
4223.5
4223.77
4223.8
4223.83
4223.97
4224.0
4224.2
4224.27
4224.5
4225.0
4225.17
4225.4
4225.43
4225.5
4225.6
4225.63
4225.67
4225.8
4226.0
4226.23
4226.3
4226.33
4226.37
4226.4
4226.43
4226.5
4226.53
4226.57
4226.6
4226.63
4226.67
4226.7
4226.73
4226.77
4226.8
4226.83
4226.87
4226.9
4226.93
4226.97
4227.0
4227.03
4227.07
4227.1
4227.17
4227.2
4227.23
4227.3
4227.33
4227.37
4227.5
4227.73
4227.8
4227.83
4227.9
4228.0
4228.03
4228.17
4228.27
4228.3
4228.5
4228.8
4229.0
4229.03
4229.1
4229.13
4229.2
4229.23
4229.5
4230.0
4230.47
4230.5
4231.0
4231.03
4231.13
4231.17
4231.47
4231.5
4231.8
4231.83
4232.0
4232.2
4232.23
4232.27
4232.3
4232.5
4232.7
4232.87
4232.9
4232.93
4233.0
4233.07
4233.1
4233.33
4233.5
4233.7
4233.73
4233.93
4234.0
4234.5
4235.0
4235.5
4236.0
4236.4
4236.5
4236.8
4236.83
4237.0
4237.33
4237.5
4238.0
4238.5
4238.93
4239.0
4239.03
4239.5
4239.8
4240.0
4240.2
4240.27
4240.3
4240.37
4240.5
4241.0
4241.3
4241.33
4241.37
4241.47
4241.5
4241.7
4242.0
4242.2
4242.27
4242.3
4242.4
4242.43
4242.47
4242.5
4242.63
4242.67
4242.7
4242.73
4242.87
4243.0
4243.03
4243.07
4243.5
4243.77
4243.9
4243.93
4244.0
4244.1
4244.2
4244.37
4244.43
4244.5
4244.57
4244.6
4244.63
4244.67
4244.77
4244.87
4244.9
4245.0
4245.17
4245.2
4245.33
4245.4
4245.5
4245.57
4245.67
4245.77
4245.8
4245.83
4245.87
4245.9
4245.93
4245.97
4246.0
4246.07
4246.1
4246.13
4246.33
4246.37
4246.4
4246.43
4246.47
4246.5
4246.6
4246.63
4246.67
4246.73
4246.77
4246.83
4246.87
4246.97
4247.0
4247.07
4247.13
4247.17
4247.2
4247.23
4247.27
4247.3
4247.4
4247.43
4247.5
4247.57
4247.67
4247.73
4247.77
4247.83
4247.87
4247.9
4247.93
4248.0
4248.07
4248.1
4248.13
4248.23
4248.27
4248.3
4248.37
4248.43
4248.47
4248.5
4248.6
4248.67
4248.8
4248.87
4248.9
4248.93
4249.0
4249.1
4249.33
4249.37
4249.43
4249.5
4249.6
4249.63
4249.67
4249.77
4249.83
4249.97
4250.0
4250.1
4250.13
4250.17
4250.27
4250.3
4250.33
4250.37
4250.43
4250.47
4250.5
4250.63
4250.7
4250.77
4250.87
4250.9
4250.93
4250.97
4251.0
4251.07
4251.17
4251.23
4251.27
4251.33
4251.43
4251.47
4251.5
4251.73
4251.77
4251.87
4251.9
4251.93
4251.97
4252.0
4252.07
4252.1
4252.13
4252.23
4252.27
4252.33
4252.37
4252.43
4252.47
4252.5
4252.57
4252.67
4252.7
4252.73
4252.77
4252.83
4252.87
4252.9
4252.93
4253.0
4253.13
4253.27
4253.33
4253.37
4253.43
4253.47
4253.5
4253.6
4253.63
4253.67
4253.7
4253.77
4253.8
4253.87
4253.9
4253.93
4254.0
4254.23
4254.27
4254.3
4254.33
4254.37
4254.4
4254.43
4254.47
4254.5
4254.6
4254.63
4254.77
4254.83
4254.9
4254.93
4254.97
4255.0
4255.13
4255.23
4255.27
4255.37
4255.4
4255.43
4255.5
4255.6
4255.63
4255.67
4255.7
4255.77
4255.8
4256.0
4256.27
4256.47
4256.5
4256.7
4256.77
4257.0
4257.43
4257.5
4257.7
4257.77
4257.8
4257.87
4257.93
4258.0
4258.17
4258.2
4258.5
4258.83
4258.97
4259.0
4259.23
4259.37
4259.5
4259.7
4260.0
4260.03
4260.07
4260.3
4260.33
4260.5
4260.6
4260.8
4260.83
4260.9
4260.97
4261.0
4261.13
4261.17
4261.2
4261.27
4261.3
4261.33
4261.43
4261.5
4261.77
4261.9
4262.0
4262.13
4262.5
4262.77
4262.8
4263.0
4263.23
4263.4
4263.5
4263.63
4263.7
4264.0
4264.23
4264.3
4264.33
4264.37
4264.4
4264.5
4264.87
4264.9
4265.0
4265.13
4265.4
4265.5
4266.0
4266.13
4266.17
4266.2
4266.27
4266.3
4266.5
4266.57
4266.63
4266.67
4266.7
4266.73
4266.8
4266.83
4266.87
4266.9
4266.93
4266.97
4267.0
4267.1
4267.13
4267.2
4267.37
4267.4
4267.43
4267.47
4267.5
4267.57
4267.67
4267.7
4267.73
4267.77
4267.8
4267.83
4267.87
4267.9
4268.0
4268.2
4268.23
4268.37
4268.4
4268.43
4268.5
4268.57
4268.6
4268.63
4268.67
4268.7
4268.73
4268.77
4268.8
4268.97
4269.0
4269.23
4269.27
4269.3
4269.33
4269.5
4269.6
4269.63
4269.67
4269.7
4269.8
4269.9
4269.93
4270.0
4270.07
4270.17
4270.2
4270.23
4270.33
4270.4
4270.5
4270.63
4270.97
4271.0
4271.17
4271.2
4271.33
4271.5
4271.57
4271.63
4271.7
4271.8
4271.87
4271.9
4271.97
4272.0
4272.07
4272.17
4272.2
4272.23
4272.3
4272.33
4272.37
4272.5
4272.57
4272.6
4272.7
4272.73
4272.77
4272.83
4272.87
4272.9
4272.93
4272.97
4273.0
4273.1
4273.33
4273.47
4273.5
4273.63
4273.67
4273.73
4273.77
4274.0
4274.37
4274.43
4274.47
4274.5
4274.63
4274.67
4274.73
4274.77
4274.8
4274.87
4274.9
4274.93
4275.0
4275.13
4275.17
4275.2
4275.23
4275.3
4275.37
4275.47
4275.5
4275.63
4275.77
4275.93
4276.0
4276.1
4276.13
4276.17
4276.2
4276.23
4276.27
4276.3
4276.37
4276.47
4276.5
4276.67
4276.7
4276.77
4276.83
4276.9
4276.93
4277.0
4277.5
4277.57
4277.63
4277.67
4277.7
4277.73
4277.77
4277.83
4277.87
4277.9
4277.93
4277.97
4278.0
4278.1
4278.13
4278.17
4278.23
4278.27
4278.3
4278.33
4278.37
4278.4
4278.43
4278.5
4278.8
4279.0
4279.13
4279.17
4279.2
4279.27
4279.3
4279.33
4279.37
4279.4
4279.43
4279.47
4279.5
4279.57
4279.63
4279.7
4279.83
4280.0
4280.3
4280.33
4280.47
4280.5
4280.8
4280.83
4280.97
4281.0
4281.2
4281.5
4281.7
4281.73
4281.9
4282.0
4282.13
4282.3
4282.5
4282.7
4282.8
4282.9
4282.93
4283.0
4283.03
4283.13
4283.17
4283.27
4283.3
4283.33
4283.5
4283.57
4283.6
4283.8
4284.0
4284.13
4284.17
4284.23
4284.5
4284.57
4285.0
4285.07
4285.33
4285.43
4285.5
4285.53
4285.57
4285.6
4285.7
4285.73
4285.77
4285.8
4286.0
4286.5
4286.63
4286.67
4286.7
4286.73
4286.77
4287.0
4287.5
4287.63
4287.73
4287.77
4287.87
4287.9
4288.0
4288.5
4288.6
4288.63
4288.67
4288.87
4288.93
4288.97
4289.0
4289.1
4289.13
4289.17
4289.2
4289.27
4289.47
4289.5
4289.6
4289.63
4289.83
4289.9
4289.93
4290.0
4290.07
4290.27
4290.37
4290.4
4290.5
4290.53
4290.57
4290.6
4290.63
4290.7
4290.8
4290.87
4290.9
4290.93
4291.0
4291.2
4291.23
4291.33
4291.37
4291.43
4291.5
4291.77
4291.8
4291.83
4291.9
4291.97
4292.0
4292.1
4292.13
4292.17
4292.2
4292.23
4292.3
4292.37
4292.43
4292.5
4292.6
4292.63
4292.7
4292.73
4292.8
4292.83
4292.87
4292.9
4292.93
4293.0
4293.2
4293.27
4293.37
4293.4
4293.43
4293.5
4293.57
4293.63
4293.67
4293.87
4293.9
4293.93
4293.97
4294.0
4294.13
4294.17
4294.23
4294.4
4294.43
4294.47
4294.5
4294.7
4294.73
4294.77
4294.8
4294.87
4294.9
4294.93
4295.0
4295.07
4295.2
4295.23
4295.27
4295.37
4295.4
4295.47
4295.5
4295.63
4295.73
4295.87
4295.9
4295.93
4296.0
4296.13
4296.2
4296.37
4296.4
4296.47
4296.5
4296.6
4296.63
4296.8
4296.83
4296.87
4296.97
4297.0
4297.13
4297.33
4297.37
4297.43
4297.5
4297.57
4297.6
4297.87
4297.9
4298.0
4298.17
4298.2
4298.27
4298.3
4298.33
4298.37
4298.5
4298.6
4298.73
4299.0
4299.17
4299.2
4299.23
4299.27
4299.3
4299.33
4299.37
4299.4
4299.47
4299.5
4299.77
4299.83
4299.87
4300.0
4300.07
4300.1
4300.3
4300.33
4300.37
4300.5
4300.67
4301.0
4301.17
4301.27
4301.5
4301.53
4301.57
4301.6
4301.63
4301.77
4301.93
4302.0
4302.1
4302.13
4302.17
4302.23
4302.33
4302.5
4302.73
4302.8
4302.97
4303.0
4303.07
4303.13
4303.17
4303.2
4303.23
4303.27
4303.33
4303.37
4303.5
4303.6
4303.63
4303.67
4303.7
4303.73
4303.8
4303.97
4304.0
4304.1
4304.37
4304.4
4304.5
4304.63
4304.7
4304.73
4304.8
4304.87
4305.0
4305.13
4305.17
4305.2
4305.27
4305.33
4305.4
4305.47
4305.5
4306.0
4306.17
4306.2
4306.23
4306.27
4306.3
4306.4
4306.43
4306.5
4306.57
4306.6
4306.63
4306.67
4306.7
4306.73
4306.77
4306.8
4306.83
4306.87
4306.9
4306.93
4306.97
4307.0
4307.23
4307.3
4307.33
4307.37
4307.4
4307.43
4307.47
4307.5
4307.6
4307.63
4307.67
4307.7
4307.73
4307.77
4307.83
4307.87
4307.97
4308.0
4308.1
4308.13
4308.17
4308.2
4308.23
4308.27
4308.33
4308.37
4308.4
4308.43
4308.47
4308.5
4308.63
4308.67
4308.7
4308.73
4308.77
4308.8
4308.83
4308.87
4308.93
4308.97
4309.0
4309.03
4309.07
4309.1
4309.17
4309.33
4309.37
4309.4
4309.5
4309.6
4309.63
4309.67
4309.7
4309.77
4309.8
4309.83
4309.87
4309.93
4310.0
4310.13
4310.2
4310.27
4310.37
4310.4
4310.5
4310.73
4310.8
4310.83
4310.87
4310.9
4310.93
4310.97
4311.0
4311.07
4311.13
4311.23
4311.27
4311.3
4311.4
4311.43
4311.5
4311.6
4311.63
4311.73
4311.77
4311.9
4311.93
4312.0
4312.17
4312.3
4312.33
4312.5
4312.7
4312.83
4312.87
4313.0
4313.17
4313.27
4313.37
4313.5
4313.7
4313.73
4313.83
4313.9
4313.93
4314.0
4314.33
4314.37
4314.5
4314.7
4314.97
4315.0
4315.2
4315.37
4315.4
4315.5
4315.63
4315.67
4315.73
4315.77
4315.8
4315.83
4315.87
4315.9
4316.0
4316.33
4316.5
4316.6
4316.63
4316.73
4316.8
4317.0
4317.2
4317.27
4317.33
4317.37
4317.4
4317.43
4317.5
4317.63
4317.9
4318.0
4318.3
4318.5
4318.87
4318.93
4319.0
4319.03
4319.17
4319.2
4319.3
4319.5
4319.57
4319.63
4319.67
4319.77
4319.8
4319.9
4319.97
4320.0
4320.1
4320.17
4320.33
4320.37
4320.4
4320.43
4320.47
4320.5
4320.73
4320.77
4320.97
4321.0
4321.13
4321.23
4321.27
4321.3
4321.47
4321.5
4321.6
4321.7
4321.73
4321.83
4322.0
4322.07
4322.1
4322.13
4322.17
4322.2
4322.23
4322.43
4322.5
4322.7
4322.73
4322.93
4322.97
4323.0
4323.13
4323.23
4323.47
4323.5
4323.6
4323.67
4323.7
4323.9
4323.97
4324.0
4324.13
4324.3
4324.37
4324.4
4324.43
4324.47
4324.5
4324.6
4324.63
4324.7
4324.73
4324.77
4324.8
4324.83
4324.9
4325.0
4325.2
4325.23
4325.3
4325.33
4325.47
4325.5
4325.6
4325.63
4325.77
4325.83
4326.0
4326.1
4326.2
4326.5
4326.6
4326.77
4326.9
4326.97
4327.0
4327.13
4327.17
4327.43
4327.47
4327.5
4327.6
4327.7
4327.73
4327.83
4328.0
4328.03
4328.07
4328.13
4328.23
4328.27
4328.37
4328.5
4328.7
4328.73
4328.77
4328.87
4328.9
4328.93
4329.0
4329.03
4329.07
4329.17
4329.33
4329.5
4329.93
4329.97
4330.0
4330.17
4330.2
4330.27
4330.43
4330.47
4330.5
4330.63
4330.67
4331.0
4331.17
4331.23
4331.27
4331.33
4331.37
4331.43
4331.47
4331.5
4331.6
4332.0
4332.03
4332.07
4332.1
4332.13
4332.23
4332.5
4332.77
4332.87
4333.0
4333.37
4333.4
4333.43
4333.47
4333.5
4333.63
4333.7
4333.73
4334.0
4334.13
4334.33
4334.4
4334.43
4334.5
4334.67
4334.97
4335.0
4335.47
4335.5
4335.53
4335.57
4335.6
4335.8
4335.93
4336.0
4336.03
4336.07
4336.23
4336.33
4336.37
4336.5
4336.67
4336.97
4337.0
4337.3
4337.33
4337.37
4337.5
4337.63
4337.73
4337.77
4337.8
4337.87
4337.93
4338.0
4338.13
4338.23
4338.27
4338.33
4338.37
4338.4
4338.43
4338.5
4338.67
4338.7
4338.77
4338.8
4338.83
4338.9
4338.93
4339.0
4339.13
4339.17
4339.2
4339.23
4339.33
4339.37
4339.4
4339.43
4339.5
4339.8
4339.83
4339.87
4339.93
4340.0
4340.13
4340.17
4340.33
4340.37
4340.47
4340.5
4340.7
4340.97
4341.0
4341.2
4341.47
4341.5
4341.7
4341.73
4341.8
4341.9
4341.93
4341.97
4342.0
4342.07
4342.1
4342.17
4342.47
4342.5
4342.83
4342.9
4342.93
4343.0
4343.2
4343.27
4343.3
4343.33
4343.4
4343.43
4343.47
4343.5
4343.6
4343.67
4343.7
4343.73
4343.8
4343.83
4343.87
4343.9
4343.93
4343.97
4344.0
4344.03
4344.07
4344.1
4344.13
4344.17
4344.2
4344.27
4344.33
4344.37
4344.4
4344.43
4344.47
4344.5
4344.57
4344.6
4344.73
4344.77
4344.83
4344.87
4345.0
4345.07
4345.17
4345.23
4345.27
4345.3
4345.4
4345.43
4345.47
4345.5
4345.6
4345.67
4345.7
4345.77
4345.8
4345.83
4345.87
4345.93
4345.97
4346.0
4346.07
4346.1
4346.13
4346.17
4346.2
4346.27
4346.33
4346.37
4346.43
4346.47
4346.5
4346.57
4346.97
4347.0
4347.03
4347.07
4347.13
4347.17
4347.2
4347.3
4347.33
4347.37
4347.4
4347.43
4347.47
4347.5
4347.6
4347.63
4347.83
4347.87
4347.97
4348.0
4348.17
4348.33
4348.37
4348.4
4348.43
4348.47
4348.5
4348.63
4348.77
4348.8
4348.87
4348.9
4348.93
4348.97
4349.0
4349.1
4349.37
4349.4
4349.5
4349.6
4350.0
4350.13
4350.23
4350.27
4350.37
4350.4
4350.43
4350.5
4350.57
4350.67
4350.77
4350.8
4350.83
4350.87
4350.93
4351.0
4351.07
4351.1
4351.17
4351.2
4351.5
4351.53
4351.87
4351.9
4352.0
4352.07
4352.1
4352.3
4352.37
4352.4
4352.43
4352.5
4352.53
4352.57
4352.6
4352.63
4352.7
4352.73
4352.77
4352.87
4353.0
4353.13
4353.37
4353.5
4353.67
4353.77
4353.83
4353.87
4354.0
4354.13
4354.17
4354.5
4354.6
4354.93
4355.0
4355.33
4355.4
4355.5
4355.63
4355.67
4356.0
4356.3
4356.33
4356.43
4356.5
4356.87
4357.0
4357.1
4357.23
4357.47
4357.5
4358.0
4358.2
4358.4
4358.5
4358.63
4358.67
4358.7
4358.83
4358.87
4359.0
4359.5
4359.7
4359.73
4359.77
4359.9
4360.0
4360.17
4360.2
4360.5
4360.53
4360.6
4360.63
4360.7
4360.73
4361.0
4361.23
4361.27
4361.47
4361.5
4361.53
4361.57
4361.6
4361.63
4361.67
4361.7
4361.83
4361.93
4361.97
4362.0
4362.17
4362.2
4362.3
4362.37
4362.4
4362.43
4362.47
4362.5
4362.77
4362.8
4363.0
4363.07
4363.1
4363.13
4363.2
4363.23
4363.5
4363.6
4363.73
4363.77
4363.8
4363.83
4363.93
4364.0
4364.03
4364.07
4364.23
4364.27
4364.5
4364.67
4365.0
4365.1
4365.17
4365.2
4365.27
4365.43
4365.47
4365.5
4365.57
4365.67
4365.7
4365.73
4365.87
4366.0
4366.5
4366.7
4366.73
4367.0
4367.2
4367.23
4367.27
4367.3
4367.33
4367.37
4367.4
4367.43
4367.47
4367.5
4367.6
4367.77
4367.9
4368.0
4368.17
4368.3
4368.4
4368.43
4368.5
4368.7
4368.87
4369.0
4369.03
4369.07
4369.13
4369.17
4369.33
4369.4
4369.43
4369.47
4369.5
4369.57
4369.6
4369.63
4369.67
4369.7
4369.73
4369.8
4369.87
4369.9
4369.97
4370.0
4370.13
4370.17
4370.2
4370.23
4370.27
4370.3
4370.33
4370.37
4370.4
4370.5
4370.57
4370.6
4370.63
4370.67
4370.77
4370.8
4370.83
4370.87
4370.9
4370.97
4371.0
4371.17
4371.2
4371.3
4371.33
4371.4
4371.43
4371.47
4371.5
4371.67
4371.7
4371.77
4371.97
4372.0
4372.03
4372.07
4372.1
4372.13
4372.17
4372.27
4372.33
4372.37
4372.47
4372.5
4372.6
4372.73
4372.77
4372.8
4372.83
4373.0
4373.23
4373.27
4373.3
4373.33
4373.37
4373.4
4373.43
4373.5
4373.57
4373.67
4373.7
4373.77
4373.8
4373.87
4373.93
4373.97
4374.0
4374.37
4374.4
4374.43
4374.5
4374.6
4374.67
4374.7
4375.0
4375.1
4375.5
4375.7
4375.73
4375.83
4375.87
4375.97
4376.0
4376.2
4376.23
4376.33
4376.37
4376.5
4376.53
4376.63
4376.67
4376.73
4377.0
4377.27
4377.37
4377.5
4377.57
4377.6
4377.63
4377.83
4377.87
4378.0
4378.2
4378.33
4378.4
4378.43
4378.5
4378.67
4378.7
4379.0
4379.2
4379.5
4379.8
4380.0
4380.23
4380.3
4380.43
4380.47
4380.5
4380.7
4380.83
4380.97
4381.0
4381.03
4381.13
4381.17
4381.27
4381.5
4381.73
4381.77
4381.8
4382.0
4382.2
4382.23
4382.27
4382.4
4382.43
4382.5
4382.63
4382.83
4382.87
4383.0
4383.07
4383.23
4383.5
4383.7
4383.87
4384.0
4384.2
4384.37
4384.5
4385.0
4385.5
4386.0
4386.37
4386.4
4386.47
4386.5
4386.8
4386.83
4386.87
4386.93
4387.0
4387.1
4387.13
4387.5
4387.53
4387.63
4387.67
4387.93
4388.0
4388.07
4388.13
4388.3
4388.43
4388.47
4388.5
4388.67
4388.7
4388.77
4388.8
4388.83
4388.87
4389.0
4389.03
4389.17
4389.2
4389.27
4389.3
4389.37
4389.4
4389.43
4389.47
4389.5
4389.6
4389.63
4389.67
4389.7
4389.73
4389.77
4389.83
4389.87
4389.93
4390.0
4390.03
4390.13
4390.27
4390.33
4390.37
4390.43
4390.5
4390.6
4390.63
4390.67
4390.7
4390.77
4390.8
4390.87
4390.9
4390.97
4391.0
4391.1
4391.23
4391.33
4391.5
4391.67
4391.77
4391.87
4391.93
4391.97
4392.0
4392.13
4392.17
4392.33
4392.37
4392.4
4392.43
4392.5
4392.63
4392.83
4392.9
4392.97
4393.0
4393.1
4393.13
4393.17
4393.2
4393.3
4393.43
4393.5
4393.6
4393.67
4394.0
4394.5
4394.63
4394.93
4395.0
4395.3
4395.33
4395.5
4395.63
4395.67
4395.8
4395.83
4395.93
4396.0
4396.2
4396.23
4396.37
4396.43
4396.5
4396.6
4396.63
4396.8
4397.0
4397.03
4397.07
4397.13
4397.17
4397.2
4397.3
4397.33
4397.37
4397.43
4397.5
4397.73
4397.77
4397.97
4398.0
4398.13
4398.2
4398.23
4398.27
4398.33
4398.4
4398.43
4398.47
4398.5
4398.7
4398.73
4398.83
4398.87
4398.93
4399.0
4399.03
4399.07
4399.1
4399.2
4399.23
4399.27
4399.33
4399.37
4399.47
4399.5
4399.67
4399.7
4399.73
4399.77
4399.8
4399.83
4399.87
4399.9
4399.93
4400.0
4400.03
4400.07
4400.1
4400.13
4400.17
4400.23
4400.3
4400.33
4400.37
4400.4
4400.43
4400.5
4400.53
4400.6
4400.63
4400.73
4400.77
4400.8
4400.83
4400.87
4400.9
4400.93
4400.97
4401.0
4401.2
4401.37
4401.4
4401.47
4401.5
4401.63
4401.67
4401.7
4401.73
4401.77
4401.8
4401.83
4401.87
4401.97
4402.0
4402.03
4402.07
4402.1
4402.13
4402.17
4402.2
4402.23
4402.37
4402.4
4402.47
4402.5
4402.53
4402.57
4402.6
4402.63
4402.67
4402.73
4402.77
4402.8
4402.83
4402.87
4402.9
4402.93
4402.97
4403.0
4403.03
4403.07
4403.17
4403.27
4403.3
4403.37
4403.4
4403.5
4403.7
4403.8
4403.93
4403.97
4404.0
4404.07
4404.1
4404.2
4404.43
4404.5
4404.67
4404.73
4404.77
4404.8
4404.83
4404.9
4404.97
4405.0
4405.03
4405.1
4405.2
4405.33
4405.37
4405.43
4405.47
4405.5
4405.6
4405.63
4405.7
4405.73
4405.83
4405.9
4405.93
4406.0
4406.17
4406.23
4406.5
4406.57
4406.6
4406.67
4406.7
4406.97
4407.0
4407.1
4407.17
4407.2
4407.5
4408.0
4408.5
4408.83
4408.87
4408.9
4408.93
4409.0
4409.07
4409.27
4409.43
4409.47
4409.5
4409.8
4409.87
4410.0
4410.1
4410.13
4410.2
4410.23
4410.47
4410.5
4410.6
4411.0
4411.1
4411.5
4411.63
4411.67
4411.87
4411.9
4412.0
4412.03
4412.07
4412.13
4412.17
4412.37
4412.43
4412.5
4412.6
4412.63
4412.73
4412.77
4412.93
4412.97
4413.0
4413.03
4413.07
4413.1
4413.13
4413.23
4413.33
4413.4
4413.43
4413.5
4413.6
4413.63
4413.77
4413.83
4413.9
4413.97
4414.0
4414.5
4415.0
4415.13
4415.17
4415.2
4415.23
4415.37
4415.43
4415.47
4415.5
4415.6
4415.63
4415.7
4415.73
4415.77
4415.8
4415.83
4416.0
4416.2
4416.5
4416.7
4416.73
4416.8
4416.83
4417.0
4417.5
4417.6
4417.8
4417.87
4418.0
4418.5
4419.0
4419.33
4419.4
4419.5
4419.53
4419.63
4419.77
4420.0
4420.2
4420.27
4420.3
4420.5
4420.77
4420.83
4420.93
4421.0
4421.07
4421.1
4421.2
4421.23
4421.3
4421.37
4421.43
4421.47
4421.5
4421.63
4421.67
4421.7
4421.73
4421.8
4421.83
4421.87
4421.9
4421.93
4421.97
4422.0
4422.13
4422.33
4422.37
4422.5
4422.6
4422.7
4422.87
4422.9
4422.93
4423.0
4423.07
4423.1
4423.13
4423.17
4423.2
4423.27
4423.3
4423.33
4423.4
4423.43
4423.5
4423.67
4423.8
4423.9
4423.93
4424.0
4424.13
4424.17
4424.2
4424.23
4424.27
4424.3
4424.33
4424.37
4424.4
4424.47
4424.5
4424.53
4424.57
4424.63
4424.7
4424.73
4424.77
4424.83
4424.93
4424.97
4425.0
4425.03
4425.1
4425.17
4425.2
4425.27
4425.37
4425.4
4425.43
4425.5
4425.6
4425.63
4425.73
4425.8
4425.93
4426.0
4426.13
4426.17
4426.2
4426.3
4426.33
4426.37
4426.4
4426.43
4426.47
4426.5
4426.6
4426.63
4426.73
4426.77
4426.8
4426.83
4426.87
4426.9
4426.93
4426.97
4427.0
4427.03
4427.07
4427.1
4427.13
4427.17
4427.2
4427.27
4427.3
4427.33
4427.37
4427.4
4427.43
4427.5
4427.6
4427.63
4427.77
4427.8
4427.83
4427.87
4427.9
4428.0
4428.03
4428.07
4428.13
4428.17
4428.2
4428.3
4428.33
4428.4
4428.5
4428.6
4428.63
4428.67
4428.77
4428.87
4429.0
4429.07
4429.1
4429.13
4429.17
4429.2
4429.23
4429.27
4429.33
4429.37
4429.4
4429.43
4429.47
4429.5
4429.63
4429.7
4429.93
4430.0
4430.17
4430.23
4430.3
4430.5
4430.7
4430.8
4430.9
4431.0
4431.03
4431.07
4431.13
4431.2
4431.23
4431.27
4431.33
4431.47
4431.5
4431.6
4431.63
4431.67
4431.77
4431.83
4431.97
4432.0
4432.03
4432.23
4432.33
4432.47
4432.5
4432.6
4432.7
4432.87
4433.0
4433.33
4433.5
4433.7
4433.73
4433.77
4433.9
4434.0
4434.03
4434.07
4434.23
4434.33
4434.37
4434.4
4434.5
4434.53
4434.7
4434.8
4435.0
4435.4
4435.5
4436.0
4436.33
4436.37
4436.47
4436.5
4436.53
4436.57
4436.6
4436.67
4436.7
4436.77
4436.8
4436.83
4437.0
4437.03
4437.5
4438.0
4438.4
4438.43
4438.47
4438.5
4438.53
4438.6
4438.63
4438.67
4438.7
4438.73
4438.77
4438.8
4438.9
4438.97
4439.0
4439.43
4439.47
4439.5
4439.67
4439.7
4439.73
4439.77
4439.87
4440.0
4440.23
4440.5
4440.73
4440.83
4441.0
4441.13
4441.17
4441.2
4441.23
4441.5
4441.77
4442.0
4442.1
4442.13
4442.17
4442.2
4442.23
4442.3
4442.43
4442.5
4442.57
4442.6
4442.63
4442.67
4442.7
4442.73
4442.77
4442.8
4442.83
4442.87
4442.9
4443.0
4443.03
4443.27
4443.33
4443.37
4443.43
4443.47
4443.5
4443.6
4443.9
4443.93
4444.0
4444.03
4444.4
4444.47
4444.5
4444.63
4444.67
4444.93
4445.0
4445.17
4445.33
4445.4
4445.5
4445.6
4445.73
4445.77
4445.87
4445.9
4445.93
4446.0
4446.2
4446.5
4446.63
4446.73
4446.87
4446.97
4447.0
4447.07
4447.1
4447.5
4447.57
4448.0
4448.2
4448.5
4448.53
4448.57
4448.77
4448.8
4448.87
4448.93
4448.97
4449.0
4449.17
4449.2
4449.23
4449.33
4449.4
4449.43
4449.5
4449.6
4449.8
4449.83
4450.0
4450.17
4450.2
4450.23
4450.33
4450.37
4450.5
4450.53
4450.57
4450.6
4450.67
4450.73
4450.9
4450.93
4451.0
4451.5
4452.0
4452.07
4452.1
4452.37
4452.43
4452.5
4453.0
4453.5
4453.8
4453.83
4453.9
4454.0
4454.5
4455.0
4455.5
4455.63
4455.77
4456.0
4456.03
4456.13
4456.3
4456.33
4456.37
4456.43
4456.5
4456.9
4456.93
4457.0
4457.5
4457.67
4457.7
4457.93
4458.0
4458.23
4458.27
4458.47
4458.5
4458.7
4459.0
4459.3
4459.47
4459.5
4459.9
4459.97
4460.0
4460.1
4460.23
4460.5
4460.67
4461.0
4461.07
4461.1
4461.13
4461.5
4461.53
4461.57
4461.63
4461.67
4461.7
4461.73
4461.83
4461.87
4461.9
4462.0
4462.07
4462.13
4462.2
4462.23
4462.3
4462.33
4462.43
4462.5
4462.7
4462.73
4462.8
4462.83
4462.97
4463.0
4463.23
4463.3
4463.37
4463.4
4463.43
4463.5
4463.63
4463.8
4463.87
4463.93
4463.97
4464.0
4464.1
4464.13
4464.17
4464.2
4464.27
4464.3
4464.37
4464.4
4464.43
4464.5
4464.63
4464.67
4464.73
4464.77
4464.83
4464.87
4464.9
4464.97
4465.0
4465.37
4465.4
4465.43
4465.5
4465.77
4465.8
4465.87
4465.9
4466.0
4466.07
4466.1
4466.13
4466.17
4466.2
4466.27
4466.33
4466.37
4466.4
4466.43
4466.5
4466.57
4466.6
4466.67
4466.73
4466.83
4466.87
4466.9
4466.93
4467.0
4467.07
4467.1
4467.17
4467.2
4467.27
4467.33
4467.37
4467.4
4467.47
4467.5
4467.83
4467.87
4467.97
4468.0
4468.4
4468.43
4468.5
4468.53
4468.73
4468.77
4468.8
4468.83
4468.87
4468.97
4469.0
4469.03
4469.07
4469.13
4469.27
4469.3
4469.4
4469.5
4469.77
4469.8
4469.83
4469.87
4469.9
4469.93
4470.0
4470.07
4470.1
4470.37
4470.4
4470.43
4470.5
4470.77
4470.8
4470.83
4470.87
4470.9
4471.0
4471.1
4471.13
4471.17
4471.2
4471.23
4471.27
4471.37
4471.4
4471.47
4471.5
4471.57
4471.6
4471.63
4471.67
4471.7
4471.9
4471.93
4472.0
4472.27
4472.3
4472.37
4472.43
4472.47
4472.5
4472.57
4472.6
4472.67
4472.7
4472.8
4472.87
4472.9
4473.0
4473.07
4473.27
4473.37
4473.4
4473.47
4473.5
4473.53
4473.6
4473.63
4473.67
4473.8
4473.83
4473.87
4473.9
4473.93
4474.0
4474.13
4474.2
4474.23
4474.27
4474.33
4474.37
4474.43
4474.47
4474.5
4474.6
4474.63
4474.67
4474.7
4474.73
4474.77
4474.8
4474.83
4474.87
4474.9
4474.93
4474.97
4475.0
4475.07
4475.1
4475.13
4475.17
4475.2
4475.23
4475.27
4475.3
4475.33
4475.37
4475.4
4475.43
4475.47
4475.5
4475.53
4475.63
4475.7
4475.73
4475.83
4475.9
4475.93
4475.97
4476.0
4476.1
4476.13
4476.23
4476.43
4476.47
4476.5
4476.53
4476.6
4476.63
4476.67
4476.7
4476.73
4476.87
4476.97
4477.0
4477.1
4477.13
4477.17
4477.2
4477.23
4477.27
4477.3
4477.33
4477.4
4477.47
4477.5
4477.6
4477.63
4477.67
4477.7
4477.73
4477.8
4477.83
4477.87
4477.93
4478.0
4478.07
4478.1
4478.13
4478.17
4478.23
4478.27
4478.3
4478.33
4478.37
4478.4
4478.43
4478.47
4478.5
4478.6
4478.7
4478.77
4478.8
4478.83
4478.9
4478.93
4478.97
4479.0
4479.07
4479.1
4479.13
4479.17
4479.2
4479.23
4479.27
4479.3
4479.33
4479.37
4479.4
4479.43
4479.47
4479.5
4479.67
4479.7
4479.8
4479.83
4479.87
4479.9
4479.97
4480.0
4480.03
4480.1
4480.13
4480.17
4480.2
4480.33
4480.37
4480.4
4480.43
4480.47
4480.5
4480.67
4480.73
4480.77
4480.8
4480.83
4480.87
4480.93
4480.97
4481.0
4481.13
4481.27
4481.43
4481.47
4481.5
4481.53
4481.57
4481.7
4481.97
4482.0
4482.27
4482.3
4482.47
4482.5
4483.0
4483.5
4483.57
4483.6
4483.8
4483.83
4483.87
4483.9
4483.93
4484.0
4484.07
4484.2
4484.5
4484.6
4484.63
4484.77
4484.8
4484.87
4484.93
4485.0
4485.3
4485.4
4485.43
4485.47
4485.5
4485.63
4485.67
4485.7
4485.83
4485.9
4485.93
4486.0
4486.5
4486.63
4486.7
4486.83
4486.87
4487.0
4487.13
4487.33
4487.37
4487.5
4487.6
4487.63
4487.7
4487.77
4487.97
4488.0
4488.07
4488.1
4488.17
4488.3
4488.33
4488.37
4488.4
4488.43
4488.5
4488.53
4488.7
4488.73
4488.77
4488.83
4489.0
4489.17
4489.2
4489.23
4489.3
4489.4
4489.47
4489.5
4490.0
4490.13
4490.3
4490.37
4490.5
4490.53
4490.57
4490.67
4491.0
4491.1
4491.13
4491.23
4491.27
4491.3
4491.33
4491.4
4491.43
4491.5
4491.63
4491.77
4491.8
4491.87
4492.0
4492.07
4492.1
4492.13
4492.17
4492.23
4492.27
4492.37
4492.47
4492.5
4492.57
4492.6
4492.67
4492.7
4492.73
4492.87
4492.9
4492.93
4493.0
4493.03
4493.07
4493.13
4493.27
4493.3
4493.33
4493.5
4494.0
4494.07
4494.5
4494.57
4494.6
4495.0
4495.1
4495.5
4495.67
4495.7
4495.97
4496.0
4496.07
4496.13
4496.17
4496.33
4496.5
4496.8
4497.0
4497.13
4497.23
4497.27
4497.47
4497.5
4497.6
4497.63
4498.0
4498.5
4498.9
4498.93
4499.0
4499.5
4499.63
4499.67
4499.7
4499.73
4499.77
4499.8
4499.83
4499.87
4500.0
4500.5
4500.7
4500.73
4500.77
4500.83
4500.97
4501.0
4501.07
4501.1
4501.13
4501.27
4501.37
4501.5
4502.0
4502.13
4502.17
4502.2
4502.23
4502.27
4502.3
4502.33
4502.37
4502.4
4502.5
4502.6
4502.73
4502.77
4502.83
4502.87
4503.0
4503.13
4503.17
4503.2
4503.23
4503.27
4503.3
4503.43
4503.47
4503.5
4503.57
4503.63
4503.67
4503.7
4503.8
4503.83
4503.87
4503.9
4504.0
4504.1
4504.17
4504.23
4504.27
4504.5
4504.9
4504.93
4505.0
4505.1
4505.23
4505.47
4505.5
4505.6
4505.63
4505.67
4505.77
4505.8
4505.83
4505.87
4505.9
4506.0
4506.33
4506.4
4506.47
4506.5
4506.57
4506.6
4506.63
4506.67
4506.7
4506.8
4506.83
4506.87
4506.9
4507.0
4507.07
4507.1
4507.13
4507.2
4507.23
4507.27
4507.3
4507.33
4507.37
4507.43
4507.5
4507.57
4507.6
4507.67
4507.7
4507.73
4507.8
4507.83
4507.9
4507.97
4508.0
4508.03
4508.1
4508.13
4508.17
4508.27
4508.3
4508.37
4508.4
4508.47
4508.5
4508.93
4508.97
4509.0
4509.5
4509.93
4509.97
4510.0
4510.5
4510.57
4510.6
4510.63
4510.67
4510.77
4511.0
4511.13
4511.17
4511.5
4511.7
4511.97
4512.0
4512.13
4512.47
4512.5
4512.6
4512.67
4512.7
4512.73
4512.77
4512.8
4512.83
4512.87
4512.9
4512.93
4513.0
4513.07
4513.1
4513.13
4513.17
4513.2
4513.3
4513.5
4513.7
4513.73
4513.77
4513.8
4513.83
4513.87
4513.93
4514.0
4514.03
4514.1
4514.13
4514.17
4514.2
4514.27
4514.3
4514.33
4514.37
4514.4
4514.5
4514.57
4514.7
4514.73
4514.93
4514.97
4515.0
4515.13
4515.17
4515.2
4515.33
4515.5
4516.0
4516.43
4516.5
4516.63
4516.8
4516.97
4517.0
4517.1
4517.13
4517.5
4517.57
4517.6
4517.67
4517.7
4517.83
4518.0
4518.1
4518.17
4518.5
4518.6
4518.73
4518.77
4518.8
4518.83
4518.97
4519.0
4519.07
4519.1
4519.13
4519.23
4519.27
4519.3
4519.33
4519.37
4519.43
4519.47
4519.5
4519.63
4519.67
4519.7
4519.73
4519.77
4519.8
4519.83
4519.9
4519.93
4519.97
4520.0
4520.1
4520.13
4520.17
4520.23
4520.37
4520.43
4520.5
4520.6
4520.63
4520.87
4520.97
4521.0
4521.13
4521.17
4521.2
4521.23
4521.27
4521.37
4521.47
4521.5
4521.6
4521.77
4521.83
4521.9
4522.0
4522.03
4522.07
4522.27
4522.3
4522.33
4522.47
4522.5
4522.77
4522.93
4522.97
4523.0
4523.07
4523.1
4523.23
4523.27
4523.3
4523.33
4523.37
4523.4
4523.47
4523.5
4523.63
4523.67
4523.7
4523.77
4523.93
4523.97
4524.0
4524.1
4524.23
4524.5
4524.57
4524.63
4524.67
4524.73
4524.77
4525.0
4525.07
4525.23
4525.3
4525.33
4525.4
4525.47
4525.5
4525.6
4525.63
4525.67
4525.7
4525.73
4525.77
4525.83
4525.87
4525.9
4525.97
4526.0
4526.23
4526.27
4526.37
4526.43
4526.47
4526.5
4526.7
4527.0
4527.13
4527.27
4527.4
4527.5
4527.6
4527.63
4527.77
4527.8
4527.83
4527.9
4527.93
4527.97
4528.0
4528.07
4528.13
4528.17
4528.2
4528.23
4528.27
4528.3
4528.33
4528.37
4528.4
4528.43
4528.47
4528.5
4528.8
4528.83
4528.87
4528.9
4529.0
4529.07
4529.37
4529.43
4529.5
4529.57
4529.6
4529.63
4529.67
4529.7
4529.83
4529.87
4529.93
4529.97
4530.0
4530.1
4530.13
4530.17
4530.23
4530.27
4530.47
4530.5
4530.63
4530.67
4530.7
4530.73
4530.77
4530.8
4530.83
4530.9
4530.93
4530.97
4531.0
4531.1
4531.13
4531.17
4531.33
4531.37
4531.5
4531.57
4531.7
4531.77
4531.8
4531.83
4532.0
4532.1
4532.13
4532.17
4532.2
4532.3
4532.4
4532.5
4532.8
4532.83
4533.0
4533.5
4533.73
4534.0
4534.5
4534.57
4535.0
4535.5
4536.0
4536.5
4537.0
4537.5
4538.0
4538.43
4538.5
4539.0
4539.33
4539.5
4540.0
4540.17
4540.5
4540.7
4540.87
4540.9
4541.0
4541.03
4541.07
4541.13
4541.17
4541.2
4541.23
4541.3
4541.43
4541.47
4541.5
4541.7
4541.87
4541.97
4542.0
4542.27
4542.5
4542.7
4542.77
4542.87
4543.0
4543.07
4543.1
4543.13
4543.17
4543.2
4543.27
4543.3
4543.33
4543.37
4543.4
4543.43
4543.47
4543.5
4543.67
4543.7
4543.73
4543.83
4543.9
4543.93
4544.0
4544.1
4544.17
4544.23
4544.3
4544.33
4544.37
4544.4
4544.43
4544.5
4544.53
4544.63
4544.73
4544.77
4544.8
4544.97
4545.0
4545.13
4545.33
4545.37
4545.5
4545.6
4545.63
4545.7
4545.73
4545.87
4545.9
4545.93
4545.97
4546.0
4546.07
4546.17
4546.27
4546.3
4546.37
4546.4
4546.43
4546.47
4546.5
4546.57
4546.6
4546.63
4546.67
4546.7
4546.73
4546.77
4546.8
4546.83
4546.87
4546.9
4546.93
4546.97
4547.0
4547.1
4547.17
4547.2
4547.27
4547.3
4547.4
4547.43
4547.47
4547.5
4547.6
4547.63
4547.7
4547.77
4547.8
4547.87
4547.97
4548.0
4548.07
4548.17
4548.23
4548.27
4548.3
4548.4
4548.43
4548.5
4548.57
4548.63
4548.7
4548.8
4548.83
4548.9
4548.93
4548.97
4549.0
4549.17
4549.2
4549.23
4549.37
4549.5
4549.6
4549.7
4549.73
4549.77
4549.8
4549.83
4549.87
4549.9
4549.93
4550.0
4550.07
4550.1
4550.13
4550.17
4550.2
4550.23
4550.27
4550.3
4550.33
4550.37
4550.4
4550.43
4550.5
4550.63
4550.67
4550.7
4550.73
4550.77
4550.8
4550.83
4550.87
4550.9
4550.93
4550.97
4551.0
4551.07
4551.13
4551.17
4551.2
4551.23
4551.27
4551.3
4551.37
4551.43
4551.5
4551.53
4551.6
4551.63
4551.67
4551.7
4551.73
4551.77
4551.8
4551.83
4551.87
4551.9
4551.93
4551.97
4552.0
4552.1
4552.13
4552.17
4552.2
4552.23
4552.27
4552.3
4552.33
4552.37
4552.43
4552.5
4552.6
4552.63
4552.67
4552.73
4552.83
4552.9
4552.93
4552.97
4553.0
4553.07
4553.1
4553.13
4553.17
4553.23
4553.27
4553.37
4553.4
4553.43
4553.47
4553.5
4553.67
4553.7
4553.73
4553.77
4553.9
4553.97
4554.0
4554.13
4554.17
4554.2
4554.27
4554.3
4554.33
4554.37
4554.4
4554.47
4554.5
4554.67
4554.77
4555.0
4555.07
4555.1
4555.13
4555.17
4555.2
4555.33
4555.4
4555.5
4555.6
4555.77
4555.8
4555.87
4555.93
4555.97
4556.0
4556.13
4556.17
4556.27
4556.3
4556.33
4556.37
4556.4
4556.5
4556.57
4556.6
4556.7
4556.73
4556.77
4556.8
4556.97
4557.0
4557.13
4557.17
4557.2
4557.23
4557.27
4557.33
4557.37
4557.4
4557.43
4557.5
4557.57
4557.6
4557.77
4557.8
4557.83
4558.0
4558.2
4558.27
4558.4
4558.43
4558.5
4558.6
4559.0
4559.47
4559.5
4559.87
4559.93
4560.0
4560.13
4560.33
4560.5
4560.63
4560.7
4560.77
4560.83
4560.87
4560.9
4560.97
4561.0
4561.13
4561.2
4561.23
4561.27
4561.5
4561.63
4561.67
4561.77
4561.83
4562.0
4562.13
4562.17
4562.27
4562.33
4562.37
4562.5
4562.7
4562.8
4562.93
4563.0
4563.5
4563.67
4563.7
4563.77
4563.8
4563.83
4563.93
4564.0
4564.17
4564.27
4564.4
4564.43
4564.47
4564.5
4564.53
4564.8
4564.83
4565.0
4565.07
4565.2
4565.43
4565.5
4565.67
4566.0
4566.13
4566.17
4566.2
4566.23
4566.27
4566.3
4566.33
4566.5
4567.0
4567.13
4567.17
4567.47
4567.5
4568.0
4568.3
4568.33
4568.5
4568.7
4568.73
4568.77
4568.9
4568.93
4569.0
4569.23
4569.3
4569.33
4569.43
4569.5
4569.63
4569.67
4569.7
4569.8
4569.87
4569.97
4570.0
4570.03
4570.07
4570.1
4570.13
4570.47
4570.5
4570.83
4571.0
4571.1
4571.13
4571.23
4571.37
4571.43
4571.47
4571.5
4571.53
4571.57
4571.6
4571.63
4571.67
4571.7
4572.0
4572.07
4572.5
4572.77
4572.8
4572.87
4572.9
4573.0
4573.3
4573.43
4573.47
4573.5
4573.63
4573.93
4573.97
4574.0
4574.3
4574.33
4574.43
4574.5
4574.6
4574.63
4574.77
4574.87
4574.97
4575.0
4575.17
4575.2
4575.23
4575.27
4575.33
4575.37
4575.4
4575.43
4575.47
4575.5
4575.6
4575.63
4575.67
4575.7
4575.73
4575.77
4575.83
4575.87
4575.9
4575.97
4576.0
4576.03
4576.07
4576.1
4576.13
4576.17
4576.2
4576.23
4576.27
4576.33
4576.4
4576.47
4576.5
4576.67
4576.73
4576.77
4576.8
4576.87
4576.9
4577.0
4577.13
4577.23
4577.47
4577.5
4577.6
4577.67
4577.77
4577.9
4577.93
4577.97
4578.0
4578.17
4578.2
4578.23
4578.3
4578.37
4578.5
4578.57
4578.63
4578.8
4578.87
4578.9
4578.93
4578.97
4579.0
4579.2
4579.27
4579.5
4579.67
4579.7
4579.73
4579.77
4579.8
4579.83
4580.0
4580.3
4580.33
4580.5
4580.7
4580.9
4581.0
4581.17
4581.5
4582.0
4582.1
4582.17
4582.3
4582.5
4582.83
4582.9
4582.93
4583.0
4583.17
4583.5
4583.57
4583.6
4583.63
4583.67
4583.73
4583.83
4584.0
4584.17
4584.2
4584.23
4584.3
4584.5
4584.53
4584.67
4584.73
4584.87
4584.93
4584.97
4585.0
4585.13
4585.23
4585.33
4585.43
4585.47
4585.5
4585.57
4585.6
4585.63
4585.67
4585.7
4585.73
4585.8
4585.83
4585.87
4585.97
4586.0
4586.07
4586.1
4586.13
4586.23
4586.33
4586.37
4586.4
4586.5
4586.93
4587.0
4587.17
4587.4
4587.47
4587.5
4587.73
4587.9
4587.93
4587.97
4588.0
4588.07
4588.1
4588.17
4588.33
4588.5
4588.67
4588.7
4588.73
4589.0
4589.2
4589.27
4589.33
4589.4
4589.5
4589.67
4589.83
4589.87
4589.93
4589.97
4590.0
4590.07
4590.33
4590.37
4590.4
4590.5
4590.7
4590.9
4591.0
4591.13
4591.17
4591.27
4591.33
4591.37
4591.4
4591.43
4591.47
4591.5
4591.57
4591.6
4591.63
4591.67
4591.87
4591.9
4591.93
4592.0
4592.23
4592.37
4592.4
4592.5
4592.6
4592.9
4592.97
4593.0
4593.5
4593.67
4593.7
4593.73
4593.77
4593.8
4593.93
4593.97
4594.0
4594.17
4594.2
4594.33
4594.37
4594.4
4594.5
4594.63
4594.7
4594.73
4594.77
4594.83
4594.87
4594.9
4594.93
4594.97
4595.0
4595.1
4595.13
4595.17
4595.2
4595.3
4595.33
4595.37
4595.4
4595.43
4595.5
4595.8
4595.87
4595.9
4596.0
4596.07
4596.1
4596.13
4596.17
4596.2
4596.23
4596.3
4596.37
4596.47
4596.5
4596.6
4596.67
4596.73
4596.77
4596.8
4596.97
4597.0
4597.07
4597.1
4597.17
4597.2
4597.27
4597.3
4597.33
4597.4
4597.43
4597.5
4597.6
4597.63
4597.67
4597.7
4597.73
4597.77
4597.83
4597.93
4597.97
4598.0
4598.13
4598.17
4598.27
4598.3
4598.4
4598.43
4598.5
4598.6
4598.63
4598.77
4598.83
4598.87
4599.0
4599.1
4599.13
4599.2
4599.27
4599.3
4599.33
4599.37
4599.43
4599.47
4599.5
4599.53
4599.57
4599.6
4599.63
4599.67
4599.73
4599.77
4599.8
4599.83
4599.9
4599.93
4600.0
4600.1
4600.13
4600.2
4600.27
4600.33
4600.37
4600.4
4600.47
4600.5
4600.53
4600.57
4600.6
4600.63
4600.7
4600.73
4600.77
4600.8
4600.83
4600.87
4600.9
4600.93
4600.97
4601.0
4601.33
4601.37
4601.4
4601.43
4601.47
4601.5
4601.63
4601.73
4601.77
4601.8
4601.97
4602.0
4602.07
4602.1
4602.2
4602.37
4602.4
4602.5
4602.6
4602.63
4602.7
4602.83
4602.87
4602.9
4602.93
4602.97
4603.0
4603.17
4603.23
4603.27
4603.3
4603.37
4603.4
4603.43
4603.47
4603.5
4603.57
4603.63
4603.73
4603.77
4603.83
4603.93
4604.0
4604.4
4604.43
4604.5
4604.6
4604.7
4604.73
4604.8
4604.9
4604.93
4604.97
4605.0
4605.13
4605.17
4605.2
4605.23
4605.33
4605.37
4605.4
4605.43
4605.5
4605.63
4605.7
4605.73
4605.77
4605.8
4605.83
4605.87
4605.9
4605.93
4605.97
4606.0
4606.03
4606.07
4606.1
4606.13
4606.17
4606.2
4606.23
4606.3
4606.33
4606.37
4606.4
4606.43
4606.47
4606.5
4606.57
4606.6
4606.67
4606.7
4606.73
4606.77
4606.8
4606.83
4606.9
4606.93
4606.97
4607.0
4607.17
4607.27
4607.3
4607.33
4607.37
4607.4
4607.43
4607.47
4607.5
4607.57
4607.6
4607.63
4607.7
4607.73
4607.77
4607.8
4607.83
4607.87
4607.9
4607.93
4607.97
4608.0
4608.07
4608.1
4608.13
4608.2
4608.23
4608.27
4608.3
4608.33
4608.37
4608.43
4608.47
4608.5
4608.6
4608.63
4608.67
4608.7
4608.73
4608.77
4608.83
4608.87
4608.93
4608.97
4609.0
4609.1
4609.13
4609.17
4609.23
4609.27
4609.3
4609.33
4609.37
4609.43
4609.47
4609.5
4609.57
4609.7
4609.73
4609.83
4609.87
4609.9
4609.93
4609.97
4610.0
4610.1
4610.13
4610.17
4610.2
4610.27
4610.3
4610.33
4610.37
4610.4
4610.43
4610.5
4610.53
4610.57
4610.6
4610.63
4610.73
4610.77
4610.83
4610.9
4610.93
4610.97
4611.0
4611.13
4611.17
4611.2
4611.23
4611.3
4611.33
4611.43
4611.47
4611.5
4611.63
4611.7
4611.73
4611.77
4611.8
4611.83
4611.87
4611.93
4611.97
4612.0
4612.1
4612.13
4612.17
4612.2
4612.23
4612.27
4612.3
4612.4
4612.43
4612.47
4612.5
4612.7
4612.73
4612.77
4612.8
4612.83
4612.9
4612.97
4613.0
4613.03
4613.07
4613.27
4613.37
4613.4
4613.43
4613.47
4613.5
4613.7
4613.73
4613.8
4613.83
4613.87
4613.9
4613.93
4613.97
4614.0
4614.07
4614.17
4614.2
4614.27
4614.3
4614.33
4614.37
4614.43
4614.47
4614.5
4614.63
4614.67
4614.73
4614.77
4614.9
4614.93
4615.0
4615.07
4615.1
4615.2
4615.23
4615.33
4615.37
4615.4
4615.5
4615.63
4615.97
4616.0
4616.37
4616.4
4616.5
4616.63
4616.67
4616.7
4616.8
4616.83
4616.9
4617.0
4617.23
4617.27
4617.33
4617.4
4617.5
4617.63
4617.87
4617.97
4618.0
4618.17
4618.23
4618.27
4618.33
4618.37
4618.4
4618.47
4618.5
4618.57
4618.6
4618.63
4618.67
4618.7
4618.73
4618.77
4618.8
4618.83
4618.87
4618.9
4618.97
4619.0
4619.03
4619.07
4619.2
4619.23
4619.27
4619.3
4619.33
4619.37
4619.4
4619.43
4619.47
4619.5
4619.57
4619.6
4619.63
4619.67
4619.73
4619.77
4619.8
4619.83
4619.87
4619.9
4619.93
4620.0
4620.4
4620.47
4620.5
4620.57
4620.6
4620.67
4620.7
4620.73
4620.9
4620.97
4621.0
4621.27
4621.3
4621.5
4621.6
4621.63
4621.67
4621.73
4621.77
4621.8
4621.87
4621.9
4621.93
4622.0
4622.07
4622.1
4622.13
4622.17
4622.2
4622.23
4622.27
4622.43
4622.47
4622.5
4622.57
4622.6
4622.63
4622.7
4622.73
4622.77
4622.8
4622.83
4622.87
4622.9
4622.93
4622.97
4623.0
4623.07
4623.1
4623.13
4623.2
4623.23
4623.27
4623.3
4623.33
4623.37
4623.4
4623.43
4623.47
4623.5
4623.6
4623.63
4623.7
4623.77
4623.8
4623.83
4623.87
4623.9
4624.0
4624.07
4624.1
4624.17
4624.23
4624.3
4624.4
4624.43
4624.5
4624.6
4624.67
4624.73
4624.87
4624.9
4624.93
4624.97
4625.0
4625.13
4625.17
4625.23
4625.37
4625.43
4625.47
4625.5
4625.53
4625.6
4625.63
4625.67
4625.7
4625.77
4625.8
4625.83
4625.87
4625.9
4625.93
4626.0
4626.13
4626.17
4626.3
4626.33
4626.47
4626.5
4626.53
4626.57
4626.67
4626.7
4626.73
4626.77
4626.8
4626.87
4627.0
4627.5
4627.83
4627.87
4627.97
4628.0
4628.13
4628.3
4628.43
4628.47
4628.5
4628.53
4628.57
4629.0
4629.13
4629.23
4629.27
4629.33
4629.37
4629.4
4629.47
4629.5
4629.57
4629.6
4629.7
4629.8
4629.97
4630.0
4630.17
4630.2
4630.3
4630.37
4630.5
4630.73
4630.77
4630.8
4630.93
4631.0
4631.27
4631.33
4631.37
4631.4
4631.43
4631.47
4631.5
4631.6
4631.63
4631.67
4631.7
4631.73
4631.77
4631.8
4631.97
4632.0
4632.1
4632.13
4632.23
4632.5
4632.63
4632.67
4632.73
4632.77
4632.87
4633.0
4633.1
4633.13
4633.2
4633.37
4633.43
4633.5
4633.53
4633.57
4633.6
4633.63
4633.7
4633.73
4633.77
4633.8
4633.83
4633.9
4634.0
4634.03
4634.07
4634.1
4634.13
4634.17
4634.2
4634.23
4634.27
4634.3
4634.33
4634.37
4634.4
4634.43
4634.47
4634.5
4634.6
4634.63
4634.67
4634.73
4634.8
4634.87
4634.9
4634.97
4635.0
4635.07
4635.1
4635.13
4635.17
4635.2
4635.23
4635.27
4635.37
4635.5
4635.6
4635.63
4635.67
4635.7
4635.73
4635.77
4635.8
4635.83
4635.87
4635.9
4635.93
4635.97
4636.0
4636.07
4636.1
4636.13
4636.17
4636.2
4636.23
4636.4
4636.43
4636.47
4636.5
4636.63
4636.73
4636.77
4636.83
4636.87
4636.9
4636.93
4636.97
4637.0
4637.07
4637.1
4637.17
4637.23
4637.27
4637.3
4637.43
4637.47
4637.5
4637.6
4637.63
4637.67
4637.7
4637.73
4637.77
4637.8
4637.83
4637.9
4638.0
4638.33
4638.37
4638.4
4638.43
4638.47
4638.5
4638.6
4638.63
4638.67
4638.7
4638.73
4638.77
4638.8
4638.93
4638.97
4639.0
4639.13
4639.2
4639.23
4639.3
4639.37
4639.43
4639.47
4639.5
4639.6
4639.63
4639.67
4639.7
4639.73
4639.77
4639.8
4639.83
4639.9
4640.0
4640.13
4640.2
4640.33
4640.37
4640.4
4640.43
4640.47
4640.5
4640.57
4640.6
4640.63
4640.67
4640.7
4640.83
4640.9
4641.0
4641.1
4641.17
4641.2
4641.23
4641.27
4641.4
4641.43
4641.47
4641.5
4641.63
4641.67
4641.7
4641.77
4641.8
4641.83
4641.87
4641.9
4641.93
4641.97
4642.0
4642.1
4642.13
4642.17
4642.2
4642.23
4642.27
4642.3
4642.47
4642.5
4642.53
4642.6
4642.63
4642.67
4642.77
4642.8
4642.83
4642.9
4643.0
4643.07
4643.2
4643.23
4643.27
4643.33
4643.43
4643.5
4643.57
4643.63
4643.67
4643.7
4643.73
4643.77
4643.8
4643.83
4643.87
4643.9
4643.97
4644.0
4644.13
4644.2
4644.27
4644.3
4644.33
4644.37
4644.4
4644.5
4644.77
4644.9
4644.93
4644.97
4645.0
4645.17
4645.27
4645.3
4645.37
4645.43
4645.5
4645.6
4645.63
4645.67
4645.77
4645.8
4645.83
4645.87
4645.97
4646.0
4646.1
4646.17
4646.2
4646.27
4646.47
4646.5
4646.53
4646.57
4646.67
4646.83
4646.87
4646.9
4646.93
4646.97
4647.0
4647.07
4647.33
4647.47
4647.5
4647.67
4647.7
4647.73
4647.83
4647.87
4647.9
4647.93
4647.97
4648.0
4648.07
4648.1
4648.13
4648.17
4648.23
4648.27
4648.3
4648.33
4648.37
4648.47
4648.5
4648.67
4648.7
4648.73
4648.77
4648.8
4648.87
4648.9
4648.93
4649.0
4649.07
4649.1
4649.13
4649.17
4649.23
4649.27
4649.3
4649.33
4649.37
4649.4
4649.5
4649.7
4649.73
4649.77
4649.93
4649.97
4650.0
4650.1
4650.13
4650.17
4650.2
4650.27
4650.3
4650.33
4650.37
4650.5
4650.67
4650.73
4650.77
4650.9
4650.93
4650.97
4651.0
4651.1
4651.13
4651.17
4651.2
4651.23
4651.27
4651.3
4651.33
4651.37
4651.4
4651.5
4651.7
4651.73
4651.77
4651.8
4651.93
4651.97
4652.0
4652.07
4652.1
4652.13
4652.27
4652.3
4652.33
4652.37
4652.4
4652.5
4652.87
4652.93
4652.97
4653.0
4653.03
4653.07
4653.13
4653.17
4653.2
4653.3
4653.33
4653.37
4653.43
4653.5
4653.6
4653.67
4653.7
4653.73
4653.77
4653.8
4653.93
4653.97
4654.0
4654.07
4654.17
4654.2
4654.27
4654.3
4654.33
4654.4
4654.43
4654.5
4654.63
4655.0
4655.13
4655.17
4655.2
4655.23
4655.33
4655.47
4655.5
4655.93
4656.0
4656.13
4656.2
4656.3
4656.4
4656.5
4656.67
4656.73
4656.77
4656.8
4656.87
4656.9
4656.97
4657.0
4657.33
4657.37
4657.4
4657.5
4657.7
4657.73
4657.8
4657.93
4657.97
4658.0
4658.1
4658.13
4658.17
4658.2
4658.3
4658.33
4658.37
4658.4
4658.43
4658.47
4658.5
4658.6
4658.7
4658.73
4658.93
4658.97
4659.0
4659.03
4659.1
4659.13
4659.17
4659.2
4659.23
4659.27
4659.3
4659.33
4659.37
4659.4
4659.43
4659.47
4659.5
4659.6
4659.63
4659.67
4659.7
4659.73
4659.8
4659.9
4660.0
4660.17
4660.2
4660.23
4660.4
4660.5
4660.63
4660.7
4661.0
4661.07
4661.1
4661.13
4661.37
4661.5
4662.0
4662.17
4662.37
4662.5
4662.63
4662.67
4662.73
4662.77
4662.8
4662.83
4662.87
4662.9
4662.93
4662.97
4663.0
4663.13
4663.17
4663.2
4663.23
4663.27
4663.33
4663.37
4663.4
4663.43
4663.47
4663.5
4663.6
4663.63
4663.73
4663.77
4663.8
4663.83
4663.87
4663.9
4664.0
4664.17
4664.23
4664.27
4664.3
4664.33
4664.37
4664.4
4664.43
4664.47
4664.5
4664.63
4664.67
4664.7
4664.8
4664.83
4664.9
4665.0
4665.5
4665.67
4665.8
4665.83
4665.87
4665.97
4666.0
4666.47
4666.5
4666.67
4666.7
4666.77
4666.83
4667.0
4667.03
4667.07
4667.2
4667.23
4667.33
4667.37
4667.4
4667.5
4667.67
4667.7
4667.83
4667.9
4668.0
4668.1
4668.13
4668.3
4668.47
4668.5
4668.6
4668.67
4668.7
4668.73
4668.77
4668.8
4668.83
4668.87
4668.9
4668.93
4668.97
4669.0
4669.07
4669.1
4669.13
4669.2
4669.23
4669.27
4669.3
4669.33
4669.37
4669.4
4669.43
4669.47
4669.5
4669.7
4669.73
4669.83
4669.87
4669.9
4669.97
4670.0
4670.1
4670.13
4670.17
4670.2
4670.23
4670.27
4670.3
4670.33
4670.37
4670.4
4670.43
4670.47
4670.5
4670.67
4670.7
4670.73
4670.77
4670.8
4670.83
4670.87
4670.9
4670.93
4671.0
4671.13
4671.23
4671.27
4671.33
4671.37
4671.43
4671.5
4671.53
4671.57
4671.7
4671.83
4671.87
4671.9
4672.0
4672.17
4672.2
4672.37
4672.4
4672.43
4672.5
4672.87
4672.9
4672.93
4673.0
4673.1
4673.13
4673.2
4673.4
4673.47
4673.5
4673.53
4673.57
4673.6
4673.63
4673.67
4673.7
4673.73
4673.77
4673.8
4673.83
4673.87
4673.9
4673.93
4673.97
4674.0
4674.07
4674.2
4674.23
4674.27
4674.3
4674.33
4674.37
4674.4
4674.43
4674.47
4674.5
4674.6
4674.63
4674.67
4674.7
4674.73
4674.77
4674.8
4674.83
4674.87
4674.9
4674.93
4675.0
4675.1
4675.13
4675.23
4675.27
4675.3
4675.47
4675.5
4675.63
4675.67
4675.8
4675.83
4675.87
4676.0
4676.1
4676.13
4676.17
4676.23
4676.3
4676.33
4676.4
4676.5
4676.53
4676.57
4676.6
4676.77
4676.97
4677.0
4677.13
4677.17
4677.2
4677.27
4677.3
4677.33
4677.37
4677.5
4678.0
4678.03
4678.17
4678.4
4678.43
4678.47
4678.5
4678.57
4678.7
4678.73
4678.77
4678.9
4678.93
4679.0
4679.17
4679.2
4679.5
4679.63
4679.9
4679.93
4679.97
4680.0
4680.03
4680.07
4680.4
4680.43
4680.47
4680.5
4680.6
4680.83
4680.93
4680.97
4681.0
4681.27
4681.3
4681.37
4681.43
4681.47
4681.5
4681.7
4681.77
4681.87
4682.0
4682.03
4682.07
4682.1
4682.13
4682.17
4682.2
4682.23
4682.27
4682.3
4682.33
4682.37
4682.4
4682.43
4682.47
4682.5
4682.53
4682.57
4682.6
4682.63
4682.67
4682.7
4682.73
4682.77
4682.8
4682.83
4682.87
4682.9
4682.93
4682.97
4683.0
4683.07
4683.13
4683.17
4683.2
4683.23
4683.27
4683.33
4683.37
4683.4
4683.43
4683.47
4683.5
4683.57
4683.6
4683.63
4683.67
4683.7
4683.73
4683.77
4683.8
4683.83
4683.87
4683.97
4684.0
4684.2
4684.23
4684.27
4684.37
4684.4
4684.43
4684.47
4684.5
4684.57
4684.6
4684.63
4684.67
4684.73
4684.77
4684.8
4684.83
4684.87
4684.97
4685.0
4685.07
4685.1
4685.17
4685.23
4685.27
4685.3
4685.43
4685.47
4685.5
4685.6
4685.63
4685.67
4685.7
4685.73
4685.77
4685.8
4685.83
4685.87
4685.9
4685.93
4685.97
4686.0
4686.07
4686.1
4686.13
4686.17
4686.2
4686.23
4686.27
4686.3
4686.33
4686.37
4686.4
4686.43
4686.47
4686.5
4686.6
4686.67
4686.7
4686.73
4686.77
4686.8
4686.83
4686.87
4686.9
4686.93
4686.97
4687.0
4687.07
4687.1
4687.13
4687.17
4687.2
4687.23
4687.27
4687.3
4687.33
4687.37
4687.43
4687.47
4687.5
4687.57
4687.63
4687.67
4687.7
4687.73
4687.77
4687.8
4687.83
4687.87
4687.9
4687.93
4687.97
4688.0
4688.07
4688.1
4688.13
4688.17
4688.2
4688.23
4688.27
4688.3
4688.33
4688.37
4688.5
4688.73
4688.77
4688.83
4688.87
4688.9
4688.93
4689.0
4689.13
4689.17
4689.3
4689.37
4689.4
4689.5
4689.67
4689.7
4689.87
4689.9
4689.97
4690.0
4690.13
4690.17
4690.2
4690.3
4690.33
4690.37
4690.4
4690.43
4690.5
4690.57
4690.6
4690.67
4690.7
4690.73
4690.77
4690.8
4690.83
4690.87
4690.9
4690.93
4690.97
4691.0
4691.03
4691.1
4691.13
4691.17
4691.2
4691.23
4691.27
4691.33
4691.37
4691.4
4691.43
4691.5
4691.6
4691.63
4691.67
4691.77
4691.8
4691.83
4691.87
4692.0
4692.07
4692.1
4692.17
4692.2
4692.23
4692.27
4692.3
4692.5
4692.63
4693.0
4693.1
4693.2
4693.23
4693.33
4693.37
4693.4
4693.47
4693.5
4693.67
4694.0
4694.03
4694.07
4694.23
4694.27
4694.4
4694.47
4694.5
4694.63
4694.67
4694.8
4694.87
4694.9
4695.0
4695.5
4696.0
4696.13
4696.17
4696.2
4696.23
4696.27
4696.3
4696.33
4696.37
4696.4
4696.47
4696.5
4696.57
4696.6
4696.63
4696.77
4696.83
4696.87
4697.0
4697.1
4697.13
4697.17
4697.23
4697.27
4697.33
4697.5
4697.63
4697.73
4697.77
4697.87
4697.93
4697.97
4698.0
4698.1
4698.17
4698.2
4698.4
4698.47
4698.5
4698.53
4698.6
4698.63
4698.77
4698.8
4698.83
4698.87
4699.0
4699.1
4699.13
4699.2
4699.3
4699.37
4699.43
4699.47
4699.5
4699.53
4699.57
4699.6
4699.8
4700.0
4700.3
4700.4
4700.5
4700.67
4700.7
4700.73
4700.77
4700.9
4700.93
4700.97
4701.0
4701.27
4701.4
4701.43
4701.5
4701.57
4701.73
4701.83
4701.93
4701.97
4702.0
4702.17
4702.2
4702.23
4702.27
4702.3
4702.37
4702.43
4702.47
4702.5
4702.73
4702.83
4702.9
4702.97
4703.0
4703.03
4703.07
4703.1
4703.13
4703.17
4703.23
4703.3
4703.37
4703.4
4703.47
4703.5
4703.63
4703.67
4703.7
4703.73
4703.77
4703.87
4703.9
4703.93
4703.97
4704.0
4704.03
4704.07
4704.13
4704.17
4704.2
4704.23
4704.27
4704.33
4704.43
4704.5
4704.57
4704.73
4704.77
4704.8
4704.87
4704.9
4705.0
4705.03
4705.07
4705.1
4705.23
4705.27
4705.3
4705.33
4705.4
4705.43
4705.47
4705.5
4705.83
4705.87
4706.0
4706.27
4706.33
4706.37
4706.43
4706.47
4706.5
4706.53
4706.57
4706.6
4706.63
4706.73
4706.77
4706.8
4707.0
4707.17
4707.2
4707.37
4707.4
4707.43
4707.47
4707.5
4707.57
4707.6
4707.7
4707.77
4708.0
4708.5
4709.0
4709.07
4709.1
4709.13
4709.17
4709.33
4709.37
4709.47
4709.5
4709.6
4709.73
4709.8
4709.93
4709.97
4710.0
4710.03
4710.13
4710.17
4710.23
4710.27
4710.3
4710.33
4710.47
4710.5
4710.8
4711.0
4711.1
4711.13
4711.17
4711.27
4711.3
4711.43
4711.47
4711.5
4711.57
4711.67
4711.8
4712.0
4712.5
4713.0
4713.37
4713.4
4713.43
4713.47
4713.5
4713.57
4713.6
4713.73
4713.9
4714.0
4714.47
4714.5
4714.57
4714.6
4714.83
4715.0
4715.27
4715.37
4715.5
4715.67
4715.73
4715.93
4716.0
4716.1
4716.17
4716.27
4716.37
4716.4
4716.47
4716.5
4716.6
4716.63
4716.7
4716.73
4716.77
4717.0
4717.07
4717.1
4717.13
4717.33
4717.43
4717.47
4717.5
4717.9
4717.93
4718.0
4718.07
4718.1
4718.13
4718.17
4718.33
4718.4
4718.5
4718.57
4718.67
4718.87
4718.9
4719.0
4719.07
4719.13
4719.5
4719.57
4719.6
4719.63
4719.67
4719.7
4720.0
4720.07
4720.17
4720.33
4720.5
4720.67
4720.7
4720.77
4720.8
4720.83
4720.93
4721.0
4721.27
4721.33
4721.43
4721.47
4721.5
4721.6
4721.67
4721.7
4721.83
4721.87
4721.93
4722.0
4722.13
4722.23
4722.27
4722.37
4722.47
4722.5
4722.57
4722.6
4722.63
4722.77
4722.97
4723.0
4723.17
4723.2
4723.27
4723.43
4723.5
4723.6
4723.63
4723.67
4723.7
4723.83
4723.9
4724.0
4724.07
4724.2
4724.27
4724.3
4724.5
4724.7
4724.77
4724.8
4724.83
4724.87
4724.97
4725.0
4725.3
4725.37
4725.5
4725.93
4725.97
4726.0
4726.23
4726.5
4726.93
4727.0
4727.5
4728.0
4728.4
4728.43
4728.5
4728.67
4728.7
4728.73
4728.77
4728.83
4728.9
4728.93
4728.97
4729.0
4729.33
4729.37
4729.4
4729.47
4729.5
4729.77
4730.0
4730.23
4730.37
4730.43
4730.5
4730.63
4731.0
4731.13
4731.17
4731.3
4731.4
4731.47
4731.5
4731.57
4731.6
4731.73
4731.9
4731.93
4731.97
4732.0
4732.17
4732.33
4732.47
4732.5
4732.6
4732.63
4732.7
4732.8
4732.87
4732.93
4733.0
4733.27
4733.3
4733.5
4733.77
4734.0
4734.37
4734.5
4735.0
4735.3
4735.5
4735.87
4735.9
4736.0
4736.1
4736.17
4736.2
4736.33
4736.37
4736.43
4736.5
4736.6
4736.63
4736.67
4736.73
4736.77
4736.8
4736.83
4737.0
4737.03
4737.07
4737.17
4737.2
4737.23
4737.27
4737.3
4737.37
4737.4
4737.43
4737.47
4737.5
4737.6
4737.63
4737.67
4737.7
4737.77
4737.8
4737.83
4737.87
4738.0
4738.07
4738.1
4738.17
4738.2
4738.23
4738.27
4738.3
4738.4
4738.43
4738.47
4738.5
4738.6
4738.63
4738.67
4738.7
4738.73
4738.77
4738.8
4738.83
4738.87
4738.9
4738.93
4738.97
4739.0
4739.1
4739.13
4739.17
4739.23
4739.27
4739.3
4739.33
4739.4
4739.47
4739.5
4739.63
4739.67
4739.7
4739.73
4739.77
4739.8
4739.83
4739.9
4739.93
4740.0
4740.03
4740.07
4740.1
4740.23
4740.27
4740.33
4740.37
4740.43
4740.5
4740.67
4740.7
4740.73
4740.8
4740.83
4740.9
4740.93
4740.97
4741.0
4741.07
4741.1
4741.17
4741.2
4741.23
4741.4
4741.47
4741.5
4741.57
4741.6
4741.63
4741.67
4741.7
4741.73
4741.77
4741.8
4741.83
4741.87
4741.9
4741.93
4741.97
4742.0
4742.07
4742.1
4742.13
4742.17
4742.2
4742.23
4742.27
4742.3
4742.33
4742.37
4742.4
4742.43
4742.47
4742.5
4742.57
4742.6
4742.63
4742.67
4742.7
4742.73
4742.77
4742.8
4742.83
4742.87
4742.9
4742.93
4742.97
4743.0
4743.03
4743.07
4743.1
4743.13
4743.17
4743.2
4743.23
4743.27
4743.3
4743.33
4743.37
4743.4
4743.43
4743.47
4743.5
4743.57
4743.6
4743.63
4743.67
4743.7
4743.73
4743.77
4743.8
4743.83
4743.87
4743.9
4743.93
4743.97
4744.0
4744.07
4744.1
4744.13
4744.17
4744.2
4744.23
4744.27
4744.3
4744.33
4744.4
4744.43
4744.47
4744.5
4744.63
4744.67
4744.7
4744.73
4744.77
4744.8
4744.83
4744.87
4744.9
4744.93
4744.97
4745.0
4745.07
4745.1
4745.13
4745.17
4745.2
4745.23
4745.27
4745.3
4745.33
4745.37
4745.4
4745.43
4745.47
4745.5
4745.57
4745.6
4745.63
4745.67
4745.7
4745.73
4745.77
4745.8
4745.83
4745.87
4745.9
4745.93
4745.97
4746.0
4746.03
4746.07
4746.1
4746.13
4746.17
4746.2
4746.23
4746.27
4746.3
4746.33
4746.37
4746.4
4746.43
4746.5
4746.57
4746.63
4746.67
4746.7
4746.73
4746.77
4746.8
4746.87
4746.9
4746.93
4746.97
4747.0
4747.1
4747.13
4747.17
4747.2
4747.23
4747.27
4747.3
4747.33
4747.37
4747.4
4747.43
4747.47
4747.5
4747.57
4747.6
4747.63
4747.7
4747.73
4747.77
4747.8
4747.83
4747.87
4747.9
4747.93
4747.97
4748.0
4748.03
4748.07
4748.1
4748.13
4748.17
4748.2
4748.23
4748.27
4748.3
4748.37
4748.4
4748.43
4748.47
4748.5
4748.57
4748.6
4748.63
4748.67
4748.7
4748.73
4748.77
4748.8
4748.83
4748.87
4748.9
4748.93
4748.97
4749.0
4749.07
4749.1
4749.13
4749.17
4749.2
4749.23
4749.27
4749.3
4749.33
4749.37
4749.4
4749.43
4749.47
4749.5
4749.53
4749.57
4749.6
4749.63
4749.67
4749.7
4749.73
4749.77
4749.8
4749.87
4749.9
4749.93
4749.97
4750.0
4750.07
4750.1
4750.13
4750.17
4750.2
4750.23
4750.27
4750.3
4750.33
4750.37
4750.4
4750.43
4750.47
4750.5
4750.57
4750.6
4750.63
4750.67
4750.7
4750.73
4750.77
4750.8
4750.83
4750.87
4750.9
4750.93
4750.97
4751.0
4751.07
4751.1
4751.13
4751.17
4751.2
4751.23
4751.27
4751.3
4751.33
4751.4
4751.43
4751.47
4751.5
4751.6
4751.63
4751.67
4751.7
4751.77
4751.8
4751.83
4751.87
4751.9
4751.93
4751.97
4752.0
4752.33
4752.4
4752.43
4752.47
4752.5
4752.57
4752.6
4752.63
4752.67
4752.7
4752.73
4752.77
4752.8
4752.83
4752.87
4752.9
4752.93
4752.97
4753.0
4753.1
4753.13
4753.17
4753.2
4753.23
4753.27
4753.3
4753.33
4753.37
4753.4
4753.47
4753.5
4753.53
4753.57
4753.6
4753.63
4753.67
4753.7
4753.73
4753.77
4753.8
4753.87
4753.9
4753.93
4753.97
4754.0
4754.1
4754.13
4754.17
4754.2
4754.23
4754.27
4754.3
4754.33
4754.37
4754.43
4754.5
4754.6
4754.63
4754.67
4754.73
4754.77
4754.8
4754.83
4754.87
4754.9
4754.93
4755.0
4755.17
4755.2
4755.3
4755.33
4755.4
4755.43
4755.47
4755.5
4755.6
4755.63
4755.67
4755.7
4755.73
4755.8
4755.83
4755.87
4755.9
4755.93
4755.97
4756.0
4756.03
4756.07
4756.1
4756.13
4756.17
4756.2
4756.23
4756.27
4756.5
4756.57
4756.6
4756.63
4756.67
4756.7
4756.73
4756.77
4756.8
4756.83
4756.87
4756.9
4756.93
4756.97
4757.0
4757.1
4757.2
4757.23
4757.27
4757.3
4757.33
4757.37
4757.43
4757.47
4757.5
4757.53
4757.57
4757.63
4757.67
4757.7
4757.73
4757.77
4757.8
4757.83
4757.87
4757.9
4757.93
4757.97
4758.0
4758.07
4758.1
4758.13
4758.17
4758.2
4758.23
4758.27
4758.3
4758.33
4758.37
4758.4
4758.43
4758.47
4758.5
4758.57
4758.6
4758.63
4758.7
4758.73
4758.77
4758.83
4758.87
4759.0
4759.17
4759.23
4759.27
4759.3
4759.33
4759.37
4759.4
4759.43
4759.47
4759.5
4759.6
4759.63
4759.67
4759.7
4759.73
4759.77
4759.8
4759.83
4759.87
4759.9
4760.0
4760.07
4760.1
4760.13
4760.23
4760.27
4760.3
4760.33
4760.37
4760.4
4760.43
4760.47
4760.5
4760.63
4760.67
4760.73
4760.87
4760.9
4761.0
4761.13
4761.17
4761.33
4761.37
4761.43
4761.47
4761.5
4761.67
4761.7
4761.73
4761.77
4761.8
4761.83
4761.87
4762.0
4762.13
4762.17
4762.27
4762.3
4762.5
4762.53
4762.57
4762.67
4762.7
4762.73
4762.77
4762.8
4762.83
4762.87
4762.9
4762.93
4763.0
4763.03
4763.07
4763.1
4763.13
4763.17
4763.2
4763.23
4763.27
4763.3
4763.33
4763.37
4763.4
4763.43
4763.5
4763.57
4763.6
4763.63
4763.7
4763.73
4763.77
4763.97
4764.0
4764.03
4764.07
4764.1
4764.13
4764.17
4764.2
4764.23
4764.27
4764.3
4764.33
4764.37
4764.4
4764.43
4764.47
4764.5
4764.57
4764.6
4764.63
4764.67
4764.7
4764.73
4764.77
4764.8
4764.83
4764.87
4764.97
4765.0
4765.2
4765.27
4765.3
4765.33
4765.4
4765.43
4765.47
4765.5
4765.7
4765.8
4765.83
4765.9
4765.93
4766.0
4766.1
4766.13
4766.17
4766.2
4766.27
4766.33
4766.37
4766.4
4766.43
4766.47
4766.5
4766.6
4766.63
4766.77
4766.8
4766.9
4766.93
4766.97
4767.0
4767.03
4767.07
4767.1
4767.13
4767.17
4767.2
4767.27
4767.33
4767.37
4767.47
4767.5
4767.57
4767.6
4767.63
4767.67
4767.7
4767.73
4767.77
4767.8
4767.83
4767.87
4767.93
4768.0
4768.07
4768.1
4768.13
4768.17
4768.2
4768.23
4768.27
4768.3
4768.33
4768.37
4768.4
4768.43
4768.47
4768.5
4768.53
4768.57
4768.6
4768.63
4768.67
4768.7
4768.73
4768.77
4768.8
4768.83
4768.87
4768.9
4768.93
4768.97
4769.0
4769.03
4769.07
4769.1
4769.13
4769.17
4769.2
4769.23
4769.27
4769.3
4769.37
4769.4
4769.43
4769.47
4769.5
4769.57
4769.6
4769.63
4769.67
4769.7
4769.73
4769.77
4769.87
4769.97
4770.0
4770.07
4770.1
4770.13
4770.17
4770.23
4770.27
4770.3
4770.4
4770.47
4770.5
4770.57
4770.63
4770.67
4770.7
4770.73
4770.8
4770.83
4770.87
4770.9
4770.93
4770.97
4771.0
4771.07
4771.1
4771.13
4771.2
4771.23
4771.27
4771.3
4771.33
4771.4
4771.43
4771.47
4771.5
4771.57
4771.6
4771.67
4771.7
4771.73
4771.77
4771.8
4771.83
4771.87
4771.9
4771.93
4771.97
4772.0
4772.07
4772.1
4772.13
4772.17
4772.2
4772.23
4772.27
4772.3
4772.33
4772.37
4772.4
4772.43
4772.47
4772.5
4772.6
4772.63
4772.67
4772.7
4772.73
4772.77
4772.8
4772.83
4772.87
4772.9
4772.93
4772.97
4773.0
4773.1
4773.13
4773.17
4773.2
4773.23
4773.27
4773.3
4773.33
4773.37
4773.4
4773.43
4773.47
4773.5
4773.57
4773.6
4773.63
4773.67
4773.7
4773.73
4773.77
4773.8
4773.83
4773.87
4773.9
4773.97
4774.0
4774.07
4774.23
4774.27
4774.33
4774.37
4774.4
4774.43
4774.5
4774.73
4774.83
4774.9
4774.93
4775.0
4775.07
4775.1
4775.13
4775.17
4775.2
4775.27
4775.33
4775.43
4775.47
4775.5
4775.63
4775.8
4775.83
4775.9
4775.93
4775.97
4776.0
4776.2
4776.23
4776.3
4776.33
4776.4
4776.43
4776.47
4776.5
4776.7
4776.77
4777.0
4777.2
4777.23
4777.27
4777.3
4777.33
4777.37
4777.43
4777.47
4777.5
4777.57
4777.6
4777.63
4777.67
4777.7
4777.73
4777.8
4777.83
4777.87
4777.93
4778.0
4778.1
4778.13
4778.17
4778.2
4778.23
4778.27
4778.3
4778.33
4778.37
4778.4
4778.43
4778.47
4778.5
4778.67
4778.7
4778.73
4778.97
4779.0
4779.07
4779.1
4779.13
4779.17
4779.2
4779.23
4779.27
4779.3
4779.33
4779.37
4779.4
4779.43
4779.47
4779.5
4779.6
4779.63
4779.67
4779.7
4779.73
4779.77
4779.8
4779.83
4779.87
4779.9
4779.93
4779.97
4780.0
4780.03
4780.07
4780.1
4780.13
4780.17
4780.2
4780.23
4780.27
4780.3
4780.33
4780.37
4780.4
4780.43
4780.47
4780.5
4780.57
4780.6
4780.63
4780.67
4780.7
4780.73
4780.77
4780.8
4780.83
4780.87
4780.9
4780.93
4780.97
4781.0
4781.07
4781.1
4781.13
4781.17
4781.23
4781.27
4781.3
4781.33
4781.37
4781.4
4781.43
4781.47
4781.5
4781.53
4781.57
4781.6
4781.63
4781.7
4781.73
4781.77
4781.8
4781.83
4781.87
4781.9
4781.93
4781.97
4782.0
4782.07
4782.1
4782.13
4782.17
4782.2
4782.23
4782.27
4782.3
4782.33
4782.37
4782.4
4782.43
4782.47
4782.5
4782.57
4782.6
4782.63
4782.67
4782.7
4782.73
4782.77
4782.8
4782.83
4782.87
4782.9
4782.93
4782.97
4783.0
4783.1
4783.13
4783.17
4783.2
4783.23
4783.27
4783.3
4783.33
4783.37
4783.4
4783.43
4783.47
4783.5
4783.57
4783.6
4783.67
4783.7
4783.73
4783.77
4783.8
4783.83
4783.87
4783.9
4783.93
4783.97
4784.0
4784.1
4784.13
4784.17
4784.2
4784.23
4784.27
4784.3
4784.33
4784.37
4784.4
4784.43
4784.5
4784.57
4784.6
4784.63
4784.67
4784.7
4784.73
4784.77
4784.8
4784.83
4784.87
4784.9
4784.93
4784.97
4785.0
4785.07
4785.1
4785.13
4785.17
4785.2
4785.23
4785.27
4785.3
4785.33
4785.37
4785.4
4785.43
4785.47
4785.5
4785.57
4785.6
4785.63
4785.67
4785.7
4785.73
4785.77
4785.8
4785.83
4785.87
4785.93
4785.97
4786.0
4786.03
4786.07
4786.1
4786.13
4786.17
4786.2
4786.23
4786.27
4786.3
4786.33
4786.37
4786.4
4786.43
4786.47
4786.5
4786.57
4786.6
4786.63
4786.67
4786.7
4786.73
4786.77
4786.8
4786.83
4786.87
4786.9
4786.93
4786.97
4787.0
4787.07
4787.1
4787.13
4787.17
4787.2
4787.23
4787.27
4787.3
4787.33
4787.4
4787.43
4787.47
4787.5
4787.6
4787.63
4787.67
4787.7
4787.73
4787.77
4787.8
4787.83
4787.87
4787.9
4787.93
4787.97
4788.0
4788.07
4788.1
4788.13
4788.17
4788.2
4788.23
4788.27
4788.3
4788.33
4788.37
4788.4
4788.47
4788.5
4788.57
4788.6
4788.63
4788.67
4788.7
4788.73
4788.77
4788.8
4788.83
4788.87
4788.9
4788.93
4788.97
4789.0
4789.07
4789.1
4789.13
4789.17
4789.2
4789.23
4789.27
4789.3
4789.33
4789.37
4789.4
4789.43
4789.47
4789.5
4789.53
4789.57
4789.6
4789.63
4789.67
4789.7
4789.73
4789.77
4789.8
4789.83
4789.87
4789.9
4789.93
4789.97
4790.0
4790.07
4790.1
4790.13
4790.17
4790.2
4790.23
4790.27
4790.3
4790.33
4790.37
4790.4
4790.43
4790.47
4790.5
4790.57
4790.6
4790.63
4790.67
4790.7
4790.73
4790.77
4790.8
4790.87
4790.9
4790.93
4790.97
4791.0
4791.07
4791.1
4791.13
4791.17
4791.2
4791.23
4791.27
4791.3
4791.33
4791.37
4791.4
4791.43
4791.47
4791.5
4791.57
4791.6
4791.63
4791.67
4791.7
4791.73
4791.77
4791.8
4791.83
4791.87
4791.9
4791.93
4791.97
4792.0
4792.13
4792.2
4792.23
4792.27
4792.3
4792.37
4792.43
4792.47
4792.5
4792.67
4792.7
4792.73
4792.8
4792.83
4792.87
4792.9
4792.93
4792.97
4793.0
4793.1
4793.23
4793.3
4793.33
4793.37
4793.4
4793.43
4793.47
4793.5
4793.57
4793.6
4793.63
4793.67
4793.7
4793.73
4793.77
4793.8
4793.87
4793.9
4793.93
4793.97
4794.0
4794.1
4794.13
4794.17
4794.2
4794.23
4794.27
4794.3
4794.33
4794.37
4794.4
4794.43
4794.47
4794.5
4794.53
4794.57
4794.6
4794.63
4794.7
4794.73
4794.77
4794.8
4794.83
4794.87
4794.9
4794.93
4794.97
4795.0
4795.03
4795.07
4795.1
4795.13
4795.17
4795.2
4795.23
4795.27
4795.3
4795.33
4795.37
4795.4
4795.43
4795.5
4795.57
4795.67
4795.7
4795.73
4795.77
4795.8
4795.87
4795.9
4795.93
4795.97
4796.0
4796.1
4796.13
4796.17
4796.2
4796.23
4796.27
4796.3
4796.33
4796.37
4796.4
4796.43
4796.47
4796.5
4796.53
4796.57
4796.6
4796.63
4796.67
4796.7
4796.73
4796.77
4796.8
4796.83
4796.9
4796.93
4796.97
4797.0
4797.07
4797.1
4797.13
4797.17
4797.2
4797.23
4797.27
4797.3
4797.33
4797.37
4797.4
4797.43
4797.47
4797.5
4797.57
4797.6
4797.63
4797.67
4797.7
4797.73
4797.77
4797.8
4797.83
4797.87
4797.9
4797.93
4797.97
4798.0
4798.07
4798.1
4798.13
4798.17
4798.2
4798.23
4798.27
4798.3
4798.33
4798.37
4798.4
4798.43
4798.47
4798.5
4798.7
4798.73
4798.77
4798.8
4798.83
4798.87
4798.9
4798.93
4798.97
4799.0
4799.07
4799.1
4799.13
4799.17
4799.23
4799.27
4799.3
4799.33
4799.37
4799.4
4799.47
4799.5
4799.57
4799.6
4799.63
4799.67
4799.7
4799.73
4799.77
4799.8
4799.83
4799.87
4799.9
4799.93
4799.97
4800.0
4800.03
4800.07
4800.1
4800.13
4800.17
4800.2
4800.23
4800.27
4800.3
4800.33
4800.37
4800.4
4800.5
4800.57
4800.6
4800.63
4800.67
4800.7
4800.73
4800.77
4800.83
4800.87
4800.9
4800.93
4800.97
4801.0
4801.07
4801.1
4801.13
4801.17
4801.2
4801.27
4801.3
4801.33
4801.37
4801.4
4801.5
4801.57
4801.6
4801.63
4801.67
4801.7
4801.73
4801.77
4801.8
4801.83
4801.87
4801.9
4801.93
4801.97
4802.0
4802.07
4802.1
4802.13
4802.17
4802.2
4802.27
4802.3
4802.33
4802.37
4802.4
4802.43
4802.5
4802.57
4802.6
4802.63
4802.67
4802.7
4802.73
4802.77
4802.8
4802.83
4802.87
4802.9
4802.93
4802.97
4803.0
4803.1
4803.13
4803.17
4803.2
4803.23
4803.27
4803.3
4803.33
4803.37
4803.4
4803.43
4803.47
4803.5
4803.57
4803.6
4803.63
4803.7
4803.73
4803.77
4803.8
4803.83
4803.9
4803.93
4803.97
4804.0
4804.1
4804.13
4804.17
4804.2
4804.23
4804.27
4804.3
4804.33
4804.37
4804.4
4804.43
4804.47
4804.5
4804.53
4804.57
4804.6
4804.63
4804.67
4804.7
4804.73
4804.77
4804.8
4804.87
4804.9
4804.93
4804.97
4805.0
4805.1
4805.13
4805.17
4805.2
4805.23
4805.27
4805.3
4805.33
4805.37
4805.4
4805.47
4805.5
4805.53
4805.57
4805.63
4805.67
4805.7
4805.73
4805.77
4805.8
4805.83
4805.87
4805.9
4805.93
4805.97
4806.0
4806.07
4806.1
4806.13
4806.17
4806.2
4806.23
4806.27
4806.3
4806.33
4806.37
4806.4
4806.43
4806.47
4806.5
4806.57
4806.6
4806.63
4806.67
4806.7
4806.73
4806.77
4806.8
4806.83
4806.87
4806.9
4806.93
4806.97
4807.0
4807.07
4807.1
4807.13
4807.17
4807.2
4807.23
4807.27
4807.3
4807.33
4807.37
4807.4
4807.43
4807.47
4807.5
4807.57
4807.6
4807.63
4807.67
4807.7
4807.73
4807.77
4807.8
4807.87
4807.9
4807.93
4807.97
4808.0
4808.07
4808.1
4808.13
4808.17
4808.2
4808.23
4808.27
4808.3
4808.33
4808.37
4808.4
4808.43
4808.47
4808.5
4808.57
4808.6
4808.63
4808.67
4808.7
4808.73
4808.77
4808.8
4808.83
4808.87
4808.93
4808.97
4809.0
4809.13
4809.17
4809.2
4809.23
4809.27
4809.3
4809.33
4809.37
4809.4
4809.43
4809.47
4809.5
4809.6
4809.63
4809.67
4809.7
4809.73
4809.77
4809.8
4809.83
4809.87
4809.9
4809.93
4810.0
4810.13
4810.17
4810.2
4810.23
4810.27
4810.3
4810.33
4810.37
4810.4
4810.43
4810.47
4810.5
4810.57
4810.6
4810.67
4810.7
4810.73
4810.77
4810.8
4810.83
4810.9
4810.97
4811.0
4811.13
4811.17
4811.2
4811.23
4811.27
4811.3
4811.33
4811.37
4811.4
4811.43
4811.47
4811.5
4811.57
4811.6
4811.63
4811.67
4811.7
4811.73
4811.77
4811.8
4811.83
4811.87
4811.93
4812.0
4812.13
4812.23
4812.27
4812.37
4812.4
4812.43
4812.47
4812.5
4812.63
4812.67
4812.7
4812.73
4812.83
4812.87
4812.9
4813.0
4813.1
4813.17
4813.2
4813.23
4813.37
4813.4
4813.43
4813.47
4813.5
4813.7
4813.73
4813.93
4814.0
4814.2
4814.37
4814.4
4814.47
4814.5
4814.6
4814.63
4814.77
4814.97
4815.0
4815.1
4815.13
4815.17
4815.2
4815.23
4815.27
4815.33
4815.37
4815.4
4815.43
4815.5
4815.53
4815.57
4815.67
4815.77
4815.8
4815.87
4815.9
4815.93
4815.97
4816.0
4816.2
4816.23
4816.3
4816.4
4816.47
4816.5
4816.7
4816.87
4816.97
4817.0
4817.03
4817.07
4817.2
4817.23
4817.27
4817.33
4817.37
4817.4
4817.43
4817.47
4817.5
4817.6
4817.63
4817.67
4817.73
4817.77
4817.8
4817.83
4817.87
4817.9
4817.93
4817.97
4818.0
4818.17
4818.2
4818.23
4818.27
4818.3
4818.33
4818.37
4818.4
4818.43
4818.47
4818.5
4818.7
4818.73
4818.77
4818.8
4818.87
4818.9
4818.97
4819.0
4819.1
4819.13
4819.17
4819.2
4819.23
4819.3
4819.33
4819.37
4819.4
4819.43
4819.47
4819.5
4819.57
4819.6
4819.63
4819.67
4819.7
4819.73
4819.77
4819.8
4819.83
4819.87
4819.9
4819.93
4819.97
4820.0
4820.07
4820.1
4820.17
4820.2
4820.23
4820.27
4820.3
4820.4
4820.43
4820.47
4820.5
4820.6
4820.63
4820.67
4820.77
4820.8
4820.83
4820.9
4820.93
4820.97
4821.0
4821.07
4821.1
4821.13
4821.17
4821.2
4821.23
4821.3
4821.33
4821.4
4821.47
4821.5
4821.67
4821.8
4821.83
4821.87
4821.97
4822.0
4822.37
4822.4
4822.47
4822.5
4822.57
4822.6
4822.63
4822.7
4822.73
4822.77
4822.87
4822.9
4823.0
4823.13
4823.17
4823.2
4823.23
4823.27
4823.33
4823.37
4823.47
4823.5
4823.6
4823.7
4823.77
4823.8
4823.83
4823.87
4823.9
4823.93
4823.97
4824.0
4824.03
4824.1
4824.13
4824.3
4824.47
4824.5
4824.6
4824.63
4824.67
4824.7
4824.73
4824.77
4824.8
4824.83
4824.87
4824.9
4824.93
4824.97
4825.0
4825.13
4825.17
4825.2
4825.23
4825.27
4825.37
4825.4
4825.43
4825.47
4825.5
4825.6
4825.63
4825.67
4825.7
4825.73
4825.77
4825.8
4825.83
4825.87
4825.97
4826.0
4826.1
4826.23
4826.27
4826.33
4826.37
4826.4
4826.43
4826.47
4826.5
4826.6
4826.63
4826.67
4826.7
4826.77
4826.8
4826.83
4826.87
4826.9
4827.0
4827.07
4827.1
4827.23
4827.27
4827.3
4827.33
4827.43
4827.47
4827.5
4827.57
4827.63
4827.67
4827.7
4827.77
4827.8
4827.83
4827.87
4827.9
4827.93
4827.97
4828.0
4828.13
4828.23
4828.3
4828.4
4828.43
4828.5
4828.53
4828.57
4828.63
4828.67
4828.77
4828.8
4828.83
4828.87
4829.0
4829.27
4829.33
4829.37
4829.4
4829.43
4829.5
4829.57
4829.6
4829.63
4829.73
4829.77
4829.8
4829.83
4829.87
4829.9
4830.0
4830.17
4830.2
4830.23
4830.27
4830.3
4830.37
4830.4
4830.43
4830.47
4830.5
4830.53
4830.57
4830.6
4830.63
4830.67
4830.7
4830.77
4830.8
4830.83
4830.87
4830.97
4831.0
4831.07
4831.1
4831.2
4831.23
4831.27
4831.3
4831.33
4831.43
4831.47
4831.5
4831.6
4831.63
4831.67
4831.7
4831.73
4831.77
4831.8
4831.83
4831.87
4831.9
4832.0
4832.07
4832.1
4832.13
4832.2
4832.23
4832.27
4832.3
4832.33
4832.47
4832.5
4832.63
4832.67
4832.7
4832.73
4832.77
4832.8
4832.83
4832.87
4832.9
4832.93
4832.97
4833.0
4833.07
4833.1
4833.13
4833.17
4833.2
4833.23
4833.27
4833.3
4833.33
4833.47
4833.5
4833.63
4833.7
4833.73
4833.77
4833.8
4833.83
4833.87
4834.0
4834.1
4834.13
4834.27
4834.5
4835.0
4835.33
4835.4
4835.47
4835.5
4835.67
4835.8
4835.97
4836.0
4836.13
4836.23
4836.43
4836.5
4836.63
4836.67
4836.7
4836.8
4836.83
4836.87
4836.9
4836.97
4837.0
4837.07
4837.17
4837.2
4837.23
4837.3
4837.43
4837.47
4837.5
4837.53
4837.57
4837.6
4837.63
4837.67
4837.7
4837.73
4837.83
4837.87
4837.9
4837.93
4837.97
4838.0
4838.07
4838.1
4838.13
4838.17
4838.2
4838.23
4838.27
4838.3
4838.33
4838.37
4838.4
4838.47
4838.5
4838.57
4838.67
4838.7
4838.73
4838.77
4838.8
4838.83
4838.87
4838.9
4838.93
4838.97
4839.0
4839.13
4839.23
4839.27
4839.33
4839.37
4839.4
4839.43
4839.47
4839.5
4839.53
4839.57
4839.6
4839.63
4839.67
4839.7
4839.73
4839.77
4839.8
4839.83
4839.87
4839.9
4839.93
4839.97
4840.0
4840.1
4840.13
4840.17
4840.2
4840.23
4840.27
4840.3
4840.33
4840.4
4840.5
4840.6
4840.67
4840.7
4840.73
4840.77
4840.8
4840.83
4840.87
4840.9
4840.93
4840.97
4841.0
4841.07
4841.1
4841.13
4841.17
4841.2
4841.23
4841.27
4841.3
4841.33
4841.37
4841.4
4841.43
4841.47
4841.5
4841.63
4841.67
4841.7
4841.73
4841.8
4841.83
4841.87
4841.9
4841.93
4841.97
4842.0
4842.07
4842.1
4842.13
4842.17
4842.2
4842.23
4842.27
4842.3
4842.33
4842.37
4842.47
4842.5
4842.6
4842.63
4842.67
4842.7
4842.73
4842.77
4842.83
4842.87
4842.9
4842.93
4842.97
4843.0
4843.07
4843.1
4843.13
4843.17
4843.2
4843.23
4843.27
4843.3
4843.33
4843.37
4843.4
4843.47
4843.5
4843.57
4843.6
4843.63
4843.67
4843.7
4843.73
4843.8
4843.83
4843.87
4843.9
4843.93
4843.97
4844.0
4844.07
4844.1
4844.13
4844.17
4844.23
4844.27
4844.3
4844.33
4844.37
4844.4
4844.47
4844.5
4844.53
4844.57
4844.6
4844.63
4844.67
4844.7
4844.73
4844.77
4844.8
4844.83
4844.87
4844.9
4844.93
4844.97
4845.0
4845.07
4845.1
4845.13
4845.17
4845.2
4845.23
4845.27
4845.3
4845.33
4845.37
4845.4
4845.43
4845.47
4845.5
4845.57
4845.6
4845.63
4845.67
4845.7
4845.73
4845.77
4845.8
4845.87
4845.9
4845.93
4845.97
4846.0
4846.1
4846.13
4846.17
4846.2
4846.27
4846.3
4846.33
4846.37
4846.4
4846.43
4846.5
4846.57
4846.67
4846.7
4846.73
4846.77
4846.87
4846.93
4846.97
4847.0
4847.1
4847.13
4847.17
4847.27
4847.3
4847.33
4847.37
4847.4
4847.43
4847.47
4847.5
4847.57
4847.6
4847.63
4847.67
4847.7
4847.73
4847.8
4847.83
4847.87
4847.9
4847.93
4847.97
4848.0
4848.1
4848.13
4848.17
4848.2
4848.23
4848.27
4848.3
4848.33
4848.37
4848.4
4848.43
4848.5
4848.6
4848.63
4848.67
4848.7
4848.73
4848.77
4848.83
4848.87
4848.9
4848.93
4848.97
4849.0
4849.13
4849.17
4849.2
4849.23
4849.27
4849.3
4849.33
4849.37
4849.4
4849.43
4849.47
4849.5
4849.67
4849.77
4849.8
4849.83
4849.9
4849.93
4849.97
4850.0
4850.13
4850.17
4850.23
4850.27
4850.3
4850.37
4850.5
4850.57
4850.6
4850.63
4850.67
4850.73
4850.77
4850.8
4850.87
4850.9
4851.0
4851.13
4851.27
4851.3
4851.33
4851.37
4851.5
4851.67
4851.7
4851.8
4851.83
4851.97
4852.0
4852.17
4852.37
4852.5
4852.63
4852.67
4852.7
4852.77
4852.8
4852.83
4852.87
4852.9
4852.97
4853.0
4853.07
4853.1
4853.17
4853.2
4853.23
4853.27
4853.3
4853.33
4853.37
4853.4
4853.43
4853.5
4853.57
4853.6
4853.63
4853.7
4853.73
4853.77
4853.8
4853.83
4853.87
4853.9
4853.93
4853.97
4854.0
4854.13
4854.17
4854.2
4854.23
4854.27
4854.3
4854.33
4854.37
4854.4
4854.43
4854.47
4854.5
4854.57
4854.6
4854.63
4854.67
4854.7
4854.73
4854.77
4854.8
4854.83
4854.9
4854.93
4854.97
4855.0
4855.03
4855.1
4855.13
4855.17
4855.2
4855.23
4855.27
4855.3
4855.33
4855.37
4855.4
4855.43
4855.47
4855.5
4855.53
4855.57
4855.6
4855.63
4855.67
4855.7
4855.73
4855.77
4855.8
4855.83
4855.87
4855.9
4855.93
4855.97
4856.0
4856.07
4856.1
4856.13
4856.17
4856.2
4856.23
4856.27
4856.33
4856.37
4856.4
4856.43
4856.47
4856.5
4856.57
4856.6
4856.63
4856.67
4856.7
4856.73
4856.77
4856.8
4856.83
4856.87
4856.9
4856.97
4857.0
4857.07
4857.1
4857.13
4857.17
4857.2
4857.23
4857.27
4857.3
4857.33
4857.37
4857.4
4857.43
4857.47
4857.5
4857.53
4857.57
4857.6
4857.63
4857.67
4857.7
4857.73
4857.77
4857.8
4857.83
4857.87
4857.9
4857.93
4857.97
4858.0
4858.03
4858.07
4858.1
4858.13
4858.17
4858.2
4858.23
4858.27
4858.3
4858.33
4858.37
4858.4
4858.43
4858.47
4858.5
4858.57
4858.6
4858.63
4858.67
4858.7
4858.73
4858.77
4858.8
4858.83
4858.87
4858.9
4858.93
4858.97
4859.0
4859.07
4859.1
4859.13
4859.17
4859.2
4859.23
4859.27
4859.3
4859.33
4859.37
4859.43
4859.47
4859.5
4859.57
4859.63
4859.67
4859.7
4859.73
4859.83
4859.87
4859.9
4859.97
4860.0
4860.2
4860.23
4860.27
4860.3
4860.33
4860.37
4860.4
4860.43
4860.5
4860.67
4860.7
4860.73
4860.77
4860.8
4860.83
4860.87
4860.9
4860.93
4860.97
4861.0
4861.07
4861.1
4861.13
4861.17
4861.2
4861.23
4861.27
4861.3
4861.33
4861.37
4861.4
4861.43
4861.47
4861.5
4861.57
4861.6
4861.63
4861.67
4861.7
4861.73
4861.77
4861.8
4861.83
4861.87
4861.9
4861.93
4861.97
4862.0
4862.13
4862.17
4862.2
4862.23
4862.27
4862.3
4862.33
4862.37
4862.4
4862.43
4862.47
4862.5
4862.57
4862.6
4862.63
4862.67
4862.7
4862.73
4862.77
4862.8
4862.83
4862.87
4862.9
4862.97
4863.0
4863.13
4863.17
4863.2
4863.23
4863.27
4863.3
4863.33
4863.37
4863.4
4863.43
4863.47
4863.5
4863.63
4863.67
4863.7
4863.73
4863.8
4863.83
4863.87
4863.9
4863.93
4863.97
4864.0
4864.07
4864.1
4864.13
4864.17
4864.23
4864.27
4864.3
4864.33
4864.43
4864.47
4864.5
4864.63
4864.67
4864.7
4864.73
4864.77
4864.8
4864.83
4864.9
4864.93
4864.97
4865.0
4865.1
4865.13
4865.17
4865.2
4865.23
4865.27
4865.3
4865.33
4865.37
4865.4
4865.43
4865.47
4865.5
4865.57
4865.6
4865.63
4865.67
4865.7
4865.73
4865.77
4865.8
4865.83
4865.87
4865.9
4866.0
4866.07
4866.13
4866.17
4866.2
4866.23
4866.27
4866.3
4866.33
4866.4
4866.43
4866.47
4866.5
4866.57
4866.6
4866.63
4866.67
4866.7
4866.77
4866.8
4866.83
4866.87
4866.9
4866.93
4866.97
4867.0
4867.03
4867.07
4867.1
4867.17
4867.2
4867.23
4867.27
4867.3
4867.33
4867.37
4867.4
4867.43
4867.47
4867.5
4867.57
4867.6
4867.63
4867.67
4867.7
4867.73
4867.8
4867.83
4867.87
4867.9
4867.93
4867.97
4868.0
4868.07
4868.1
4868.13
4868.17
4868.2
4868.27
4868.3
4868.33
4868.37
4868.4
4868.43
4868.47
4868.5
4868.57
4868.6
4868.63
4868.67
4868.7
4868.73
4868.77
4868.8
4868.83
4868.87
4868.9
4868.97
4869.0
4869.13
4869.17
4869.2
4869.23
4869.3
4869.33
4869.37
4869.4
4869.43
4869.47
4869.5
4869.57
4869.63
4869.67
4869.7
4869.73
4869.77
4869.8
4869.83
4869.87
4869.9
4869.93
4869.97
4870.0
4870.07
4870.1
4870.13
4870.17
4870.2
4870.27
4870.3
4870.33
4870.37
4870.4
4870.47
4870.5
4870.57
4870.6
4870.63
4870.67
4870.7
4870.73
4870.77
4870.8
4870.83
4870.87
4870.93
4870.97
4871.0
4871.07
4871.1
4871.13
4871.17
4871.2
4871.23
4871.27
4871.3
4871.33
4871.37
4871.4
4871.43
4871.47
4871.5
4871.57
4871.6
4871.63
4871.67
4871.73
4871.77
4871.8
4871.83
4871.87
4871.9
4871.93
4871.97
4872.0
4872.07
4872.13
4872.17
4872.2
4872.23
4872.27
4872.43
4872.47
4872.5
4872.53
4872.57
4872.6
4872.67
4872.7
4872.73
4872.83
4872.87
4872.9
4872.93
4872.97
4873.0
4873.1
4873.13
4873.17
4873.2
4873.23
4873.27
4873.3
4873.33
4873.37
4873.4
4873.43
4873.47
4873.5
4873.57
4873.6
4873.63
4873.67
4873.7
4873.73
4873.77
4873.8
4873.83
4873.87
4873.9
4873.93
4873.97
4874.0
4874.1
4874.13
4874.17
4874.2
4874.23
4874.27
4874.3
4874.33
4874.37
4874.4
4874.43
4874.47
4874.5
4874.57
4874.6
4874.63
4874.67
4874.7
4874.73
4874.77
4874.8
4874.83
4874.87
4874.9
4874.97
4875.0
4875.03
4875.07
4875.1
4875.13
4875.17
4875.2
4875.23
4875.27
4875.37
4875.4
4875.43
4875.47
4875.5
4875.6
4875.63
4875.67
4875.7
4875.73
4875.77
4875.8
4875.83
4875.87
4875.9
4876.0
4876.07
4876.1
4876.17
4876.23
4876.27
4876.3
4876.43
4876.47
4876.5
4876.57
4876.63
4876.7
4876.73
4877.0
4877.13
4877.17
4877.27
4877.5
4877.63
4877.8
4877.9
4877.93
4878.0
4878.03
4878.13
4878.2
4878.23
4878.27
4878.3
4878.33
4878.37
4878.4
4878.43
4878.47
4878.5
4878.6
4878.63
4878.67
4878.7
4878.73
4878.77
4878.8
4878.83
4878.87
4878.9
4878.93
4878.97
4879.0
4879.03
4879.07
4879.1
4879.13
4879.17
4879.2
4879.23
4879.27
4879.3
4879.33
4879.37
4879.43
4879.47
4879.5
4879.6
4879.63
4879.67
4879.7
4879.73
4879.77
4879.83
4879.87
4879.9
4879.93
4879.97
4880.0
4880.07
4880.1
4880.13
4880.17
4880.23
4880.27
4880.3
4880.33
4880.37
4880.4
4880.43
4880.47
4880.5
4880.57
4880.6
4880.63
4880.67
4880.7
4880.73
4880.77
4880.83
4880.9
4880.93
4880.97
4881.0
4881.1
4881.13
4881.17
4881.2
4881.23
4881.27
4881.3
4881.33
4881.37
4881.4
4881.43
4881.47
4881.5
4881.6
4881.67
4881.7
4881.77
4881.83
4881.87
4881.9
4881.93
4882.0
4882.07
4882.1
4882.2
4882.27
4882.33
4882.47
4882.5
4882.73
4882.87
4882.9
4882.93
4882.97
4883.0
4883.07
4883.1
4883.13
4883.17
4883.23
4883.3
4883.37
4883.4
4883.43
4883.5
4883.67
4883.77
4883.8
4883.87
4883.93
4883.97
4884.0
4884.13
4884.27
4884.3
4884.33
4884.43
4884.47
4884.5
4884.6
4884.63
4884.67
4884.7
4884.77
4884.8
4884.83
4884.87
4884.9
4884.93
4884.97
4885.0
4885.07
4885.1
4885.2
4885.23
4885.27
4885.3
4885.37
4885.43
4885.47
4885.5
4885.63
4885.67
4885.7
4885.8
4885.83
4885.87
4885.9
4885.93
4885.97
4886.0
4886.07
4886.1
4886.13
4886.17
4886.23
4886.27
4886.3
4886.33
4886.37
4886.47
4886.5
4886.6
4886.63
4886.67
4886.7
4886.73
4886.77
4886.8
4886.83
4886.87
4886.9
4886.93
4887.0
4887.13
4887.23
4887.27
4887.3
4887.37
4887.4
4887.43
4887.47
4887.5
4887.97
4888.0
4888.1
4888.13
4888.17
4888.2
4888.23
4888.3
4888.37
4888.47
4888.5
4888.6
4888.63
4888.67
4888.77
4889.0
4889.23
4889.27
4889.37
4889.47
4889.5
4889.63
4889.67
4889.7
4889.73
4889.87
4889.93
4890.0
4890.1
4890.23
4890.33
4890.43
4890.47
4890.5
4890.63
4890.67
4890.7
4890.73
4890.77
4890.83
4890.87
4890.9
4890.93
4890.97
4891.0
4891.07
4891.1
4891.13
4891.17
4891.2
4891.23
4891.27
4891.3
4891.33
4891.37
4891.43
4891.47
4891.5
4891.7
4891.73
4891.77
4891.83
4891.87
4891.9
4891.93
4891.97
4892.0
4892.07
4892.1
4892.13
4892.17
4892.27
4892.3
4892.33
4892.37
4892.4
4892.43
4892.5
4892.53
4892.57
4892.63
4892.67
4892.73
4892.8
4892.83
4892.9
4892.97
4893.0
4893.1
4893.13
4893.17
4893.2
4893.23
4893.37
4893.5
4893.9
4893.93
4893.97
4894.0
4894.23
4894.37
4894.5
4894.57
4894.6
4894.63
4894.67
4894.7
4894.8
4894.83
4894.87
4894.93
4894.97
4895.0
4895.1
4895.13
4895.27
4895.3
4895.37
4895.4
4895.5
4895.53
4895.67
4895.73
4895.77
4895.8
4895.87
4896.0
4896.2
4896.23
4896.37
4896.5
4896.6
4897.0
4897.03
4897.07
4897.2
4897.27
4897.5
4897.53
4897.57
4897.6
4897.63
4897.67
4897.7
4897.77
4897.8
4897.83
4897.87
4897.9
4897.93
4898.0
4898.07
4898.1
4898.13
4898.2
4898.23
4898.27
4898.3
4898.33
4898.37
4898.4
4898.43
4898.47
4898.5
4898.63
4898.67
4898.7
4898.73
4898.83
4898.87
4898.9
4898.93
4898.97
4899.0
4899.07
4899.1
4899.13
4899.23
4899.27
4899.3
4899.33
4899.37
4899.47
4899.5
4899.53
4899.57
4899.6
4899.63
4899.67
4899.7
4899.73
4899.8
4899.83
4899.87
4899.9
4900.0
4900.07
4900.1
4900.17
4900.2
4900.37
4900.4
4900.43
4900.47
4900.5
4900.77
4900.83
4900.9
4900.93
4901.0
4901.5
4901.67
4901.7
4901.73
4901.83
4902.0
4902.1
4902.13
4902.37
4902.4
4902.5
4902.6
4902.63
4902.7
4902.73
4902.93
4902.97
4903.0
4903.33
4903.37
4903.4
4903.5
4903.6
4903.63
4904.0
4904.1
4904.5
4904.63
4904.97
4905.0
4905.13
4905.43
4905.47
4905.5
4905.87
4905.93
4906.0
4906.13
4906.5
4906.87
4907.0
4907.1
4907.17
4907.37
4907.5
4907.67
4907.7
4907.77
4907.8
4907.9
4907.97
4908.0
4908.1
4908.17
4908.27
4908.3
4908.33
4908.37
4908.4
4908.47
4908.5
4908.7
4908.77
4908.8
4908.83
4908.9
4909.0
4909.1
4909.13
4909.17
4909.3
4909.33
4909.5
4909.9
4910.0
4910.27
4910.43
4910.5
4910.57
4911.0
4911.43
4911.5
4912.0
4912.27
4912.3
4912.33
4912.37
4912.4
4912.43
4912.5
4912.63
4912.73
4912.8
4912.9
4912.93
4913.0
4913.2
4913.23
4913.27
4913.33
4913.4
4913.43
4913.47
4913.5
4913.6
4913.63
4913.67
4913.7
4913.73
4913.77
4913.8
4913.83
4913.87
4913.9
4913.93
4914.0
4914.07
4914.1
4914.13
4914.17
4914.23
4914.4
4914.5
4914.67
4914.7
4914.77
4914.87
4914.9
4915.0
4915.17
4915.37
4915.43
4915.47
4915.5
4915.57
4915.63
4915.67
4915.7
4915.77
4915.83
4915.87
4915.9
4915.97
4916.0
4916.23
4916.27
4916.3
4916.33
4916.37
4916.4
4916.43
4916.47
4916.5
4916.63
4916.77
4916.8
4916.83
4916.87
4916.9
4916.93
4916.97
4917.0
4917.07
4917.13
4917.17
4917.33
4917.4
4917.43
4917.5
4917.6
4917.63
4917.67
4917.7
4917.73
4917.77
4917.8
4917.83
4917.87
4917.9
4917.93
4917.97
4918.0
4918.07
4918.1
4918.2
4918.23
4918.27
4918.3
4918.33
4918.37
4918.4
4918.43
4918.47
4918.5
4918.6
4918.63
4918.67
4918.73
4918.77
4918.8
4918.83
4918.87
4918.9
4918.93
4919.0
4919.1
4919.27
4919.33
4919.5
4919.57
4919.6
4919.7
4919.73
4919.77
4919.8
4919.83
4919.87
4919.93
4919.97
4920.0
4920.17
4920.23
4920.3
4920.33
4920.47
4920.5
4920.63
4920.67
4920.7
4920.77
4920.83
4920.87
4920.9
4920.93
4921.0
4921.13
4921.17
4921.23
4921.27
4921.3
4921.47
4921.5
4921.6
4921.63
4921.67
4921.7
4921.73
4921.77
4921.8
4921.83
4921.87
4921.93
4921.97
4922.0
4922.3
4922.33
4922.37
4922.4
4922.47
4922.5
4922.57
4922.6
4922.63
4922.67
4922.7
4922.73
4922.77
4922.8
4922.83
4922.87
4922.93
4922.97
4923.0
4923.07
4923.1
4923.13
4923.17
4923.2
4923.23
4923.27
4923.3
4923.33
4923.37
4923.4
4923.43
4923.47
4923.5
4923.6
4923.63
4923.67
4923.7
4923.73
4923.8
4923.83
4923.87
4923.9
4923.93
4923.97
4924.0
4924.2
4924.23
4924.27
4924.3
4924.33
4924.37
4924.43
4924.47
4924.5
4924.53
4924.57
4924.63
4924.67
4924.7
4924.77
4924.8
4924.83
4924.87
4924.9
4925.0
4925.07
4925.1
4925.13
4925.17
4925.2
4925.23
4925.27
4925.33
4925.43
4925.47
4925.5
4925.57
4925.6
4925.63
4925.67
4925.7
4925.83
4925.87
4925.9
4925.93
4925.97
4926.0
4926.07
4926.1
4926.2
4926.23
4926.4
4926.47
4926.5
4926.7
4926.73
4926.77
4926.83
4926.87
4926.9
4926.93
4927.0
4927.07
4927.1
4927.13
4927.17
4927.23
4927.27
4927.3
4927.33
4927.37
4927.4
4927.5
4927.63
4927.67
4927.7
4927.73
4927.8
4927.83
4927.87
4927.9
4927.93
4927.97
4928.0
4928.07
4928.1
4928.13
4928.2
4928.23
4928.27
4928.3
4928.33
4928.37
4928.4
4928.43
4928.47
4928.5
4928.57
4928.6
4928.63
4928.67
4928.7
4928.73
4928.77
4928.8
4928.87
4928.9
4928.93
4928.97
4929.0
4929.07
4929.1
4929.13
4929.17
4929.2
4929.23
4929.27
4929.3
4929.33
4929.37
4929.4
4929.43
4929.47
4929.5
4929.57
4929.6
4929.63
4929.67
4929.7
4929.73
4929.77
4929.83
4929.87
4929.9
4929.93
4929.97
4930.0
4930.1
4930.13
4930.17
4930.2
4930.23
4930.27
4930.3
4930.37
4930.47
4930.5
4930.6
4930.63
4930.67
4930.7
4930.73
4930.8
4930.83
4930.87
4930.9
4930.93
4930.97
4931.0
4931.07
4931.1
4931.13
4931.17
4931.23
4931.27
4931.3
4931.33
4931.37
4931.4
4931.47
4931.5
4931.57
4931.6
4931.63
4931.7
4931.73
4931.77
4931.8
4931.87
4931.9
4931.93
4932.0
4932.07
4932.1
4932.13
4932.17
4932.2
4932.23
4932.27
4932.3
4932.33
4932.37
4932.4
4932.43
4932.47
4932.5
4932.6
4932.63
4932.67
4932.7
4932.77
4932.8
4932.83
4932.87
4932.9
4932.97
4933.0
4933.1
4933.13
4933.17
4933.27
4933.3
4933.33
4933.5
4933.6
4933.63
4933.67
4933.7
4933.73
4933.77
4933.8
4933.83
4933.87
4933.9
4933.93
4933.97
4934.0
4934.07
4934.1
4934.13
4934.17
4934.23
4934.27
4934.3
4934.33
4934.37
4934.47
4934.5
4934.57
4934.6
4934.63
4934.67
4934.7
4934.73
4934.77
4934.8
4934.87
4934.9
4934.93
4934.97
4935.0
4935.1
4935.13
4935.17
4935.2
4935.27
4935.3
4935.33
4935.37
4935.4
4935.43
4935.47
4935.5
4935.57
4935.6
4935.63
4935.67
4935.7
4935.73
4935.77
4935.8
4935.87
4935.9
4935.93
4935.97
4936.0
4936.1
4936.13
4936.17
4936.2
4936.23
4936.27
4936.3
4936.33
4936.37
4936.4
4936.43
4936.47
4936.5
4936.57
4936.6
4936.63
4936.67
4936.7
4936.73
4936.77
4936.8
4936.83
4936.87
4936.9
4936.93
4936.97
4937.0
4937.07
4937.1
4937.13
4937.17
4937.2
4937.23
4937.27
4937.3
4937.33
4937.4
4937.43
4937.47
4937.5
4937.53
4937.57
4937.6
4937.63
4937.67
4937.7
4937.73
4937.77
4937.8
4937.83
4937.87
4937.9
4937.97
4938.0
4938.07
4938.1
4938.13
4938.17
4938.2
4938.3
4938.33
4938.37
4938.4
4938.43
4938.47
4938.5
4938.57
4938.6
4938.63
4938.7
4938.73
4938.77
4938.8
4938.83
4938.87
4938.9
4938.93
4938.97
4939.0
4939.13
4939.17
4939.2
4939.23
4939.27
4939.3
4939.33
4939.37
4939.4
4939.43
4939.47
4939.5
4939.6
4939.67
4939.7
4939.73
4939.77
4939.8
4939.83
4939.97
4940.0
4940.17
4940.2
4940.23
4940.27
4940.3
4940.33
4940.37
4940.4
4940.43
4940.5
4940.57
4940.6
4940.63
4940.7
4940.73
4940.77
4940.8
4940.87
4940.97
4941.0
4941.1
4941.3
4941.33
4941.43
4941.47
4941.5
4941.6
4941.63
4941.67
4941.73
4941.77
4941.97
4942.0
4942.2
4942.23
4942.27
4942.33
4942.37
4942.4
4942.43
4942.47
4942.5
4942.63
4942.67
4942.7
4942.73
4942.83
4942.87
4942.9
4943.0
4943.33
4943.37
4943.4
4943.43
4943.47
4943.5
4943.7
4943.73
4943.77
4943.8
4943.93
4944.0
4944.07
4944.1
4944.2
4944.33
4944.4
4944.5
4944.63
4944.97
4945.0
4945.1
4945.13
4945.17
4945.2
4945.23
4945.27
4945.3
4945.33
4945.37
4945.43
4945.47
4945.5
4945.93
4946.0
4946.13
4946.37
4946.4
4946.43
4946.47
4946.5
4946.6
4946.7
4946.73
4946.77
4946.8
4946.83
4946.87
4946.93
4946.97
4947.0
4947.13
4947.17
4947.2
4947.23
4947.27
4947.3
4947.33
4947.37
4947.4
4947.43
4947.47
4947.5
4947.57
4947.6
4947.63
4947.67
4947.7
4947.73
4947.77
4947.8
4947.83
4947.87
4947.93
4948.0
4948.07
4948.1
4948.17
4948.2
4948.23
4948.27
4948.43
4948.47
4948.5
4948.6
4948.63
4948.67
4948.7
4948.73
4948.83
4948.87
4948.9
4948.93
4948.97
4949.0
4949.07
4949.1
4949.13
4949.17
4949.23
4949.27
4949.3
4949.33
4949.37
4949.4
4949.5
4949.6
4949.7
4949.73
4949.77
4949.8
4949.83
4949.87
4949.9
4949.93
4949.97
4950.0
4950.03
4950.07
4950.1
4950.13
4950.17
4950.2
4950.27
4950.3
4950.33
4950.37
4950.4
4950.43
4950.5
4950.57
4950.67
4950.73
4950.77
4950.8
4950.83
4950.93
4950.97
4951.0
4951.13
4951.17
4951.2
4951.27
4951.3
4951.33
4951.37
4951.43
4951.47
4951.5
4952.0
4952.5
4952.63
4952.67
4952.73
4952.77
4952.8
4952.83
4952.9
4952.97
4953.0
4953.1
4953.13
4953.23
4953.27
4953.3
4953.43
4953.47
4953.5
4953.63
4953.67
4953.7
4953.77
4953.8
4953.83
4953.87
4953.9
4953.93
4953.97
4954.0
4954.07
4954.1
4954.13
4954.17
4954.2
4954.23
4954.27
4954.3
4954.33
4954.37
4954.47
4954.5
4954.7
4954.73
4954.77
4954.87
4954.9
4954.93
4954.97
4955.0
4955.1
4955.13
4955.17
4955.2
4955.3
4955.33
4955.37
4955.4
4955.47
4955.5
4955.6
4955.63
4955.67
4955.77
4955.8
4955.87
4955.9
4956.0
4956.07
4956.17
4956.3
4956.5
4956.6
4956.73
4956.77
4956.83
4956.87
4956.9
4956.93
4956.97
4957.0
4957.1
4957.13
4957.17
4957.23
4957.27
4957.3
4957.33
4957.37
4957.4
4957.43
4957.47
4957.5
4957.57
4957.67
4957.7
4957.73
4957.77
4957.8
4957.83
4957.87
4957.9
4957.93
4957.97
4958.0
4958.1
4958.13
4958.17
4958.2
4958.27
4958.3
4958.33
4958.37
4958.4
4958.43
4958.5
4958.57
4958.6
4958.63
4958.73
4958.77
4958.8
4958.83
4958.87
4959.0
4959.17
4959.2
4959.23
4959.27
4959.33
4959.4
4959.43
4959.5
4959.63
4959.67
4959.7
4959.73
4959.83
4959.87
4959.9
4960.0
4960.17
4960.2
4960.23
4960.33
4960.5
4960.53
4960.67
4960.7
4960.87
4960.93
4961.0
4961.2
4961.23
4961.27
4961.37
4961.4
4961.43
4961.5
4961.6
4961.63
4961.67
4961.7
4961.73
4961.77
4961.8
4961.83
4961.87
4961.9
4961.97
4962.0
4962.1
4962.23
4962.27
4962.3
4962.43
4962.5
4962.63
4962.67
4962.7
4962.73
4962.8
4962.83
4962.87
4962.9
4962.93
4962.97
4963.0
4963.07
4963.1
4963.13
4963.17
4963.23
4963.27
4963.3
4963.33
4963.37
4963.4
4963.5
4963.53
4963.57
4963.87
4963.93
4963.97
4964.0
4964.2
4964.23
4964.27
4964.4
4964.5
4965.0
4965.5
4965.53
4965.8
4965.87
4965.97
4966.0
4966.1
4966.13
4966.17
4966.3
4966.33
4966.37
4966.4
4966.5
4966.53
4966.57
4966.6
4966.63
4966.67
4966.7
4966.73
4966.77
4966.8
4966.83
4966.87
4966.93
4966.97
4967.0
4967.17
4967.2
4967.23
4967.27
4967.33
4967.37
4967.4
4967.43
4967.47
4967.5
4967.57
4967.6
4967.63
4967.67
4967.7
4967.73
4967.77
4967.83
4967.9
4967.93
4967.97
4968.0
4968.17
4968.2
4968.27
4968.33
4968.37
4968.43
4968.47
4968.5
4968.6
4968.67
4968.8
4969.0
4969.1
4969.13
4969.17
4969.2
4969.23
4969.37
4969.5
4969.53
4969.57
4969.7
4969.73
4969.77
4969.8
4969.83
4969.87
4969.93
4969.97
4970.0
4970.1
4970.13
4970.23
4970.27
4970.3
4970.33
4970.4
4970.43
4970.47
4970.5
4970.57
4970.67
4970.73
4970.83
4970.87
4970.93
4970.97
4971.0
4971.1
4971.13
4971.17
4971.2
4971.23
4971.27
4971.3
4971.33
4971.37
4971.47
4971.5
4971.53
4971.57
4971.6
4971.67
4971.73
4971.77
4971.8
4971.9
4971.93
4971.97
4972.0
4972.1
4972.13
4972.17
4972.2
4972.23
4972.27
4972.3
4972.33
4972.37
4972.43
4972.5
4972.53
4972.57
4972.6
4972.67
4972.7
4972.73
4972.8
4972.83
4972.87
4972.9
4972.93
4972.97
4973.0
4973.13
4973.27
4973.3
4973.33
4973.4
4973.43
4973.5
4973.73
4973.77
4973.8
4973.9
4973.93
4974.0
4974.1
4974.17
4974.23
4974.33
4974.5
4974.6
4974.63
4974.7
4975.0
4975.2
4975.37
4975.5
4976.0
4976.2
4976.27
4976.3
4976.5
4976.67
4977.0
4977.07
4977.17
4977.2
4977.37
4977.5
4977.6
4977.93
4978.0
4978.1
4978.17
4978.2
4978.23
4978.4
4978.5
4978.87
4978.93
4979.0
4979.17
4979.27
4979.47
4979.5
4979.57
4979.6
4979.63
4979.67
4979.7
4979.73
4979.77
4979.9
4979.97
4980.0
4980.5
4981.0
4981.23
4981.47
4981.5
4981.77
4981.8
4981.87
4981.97
4982.0
4982.43
4982.47
4982.5
4982.7
4983.0
4983.07
4983.13
4983.47
4983.5
4983.6
4983.63
4983.87
4983.9
4983.97
4984.0
4984.13
4984.23
4984.3
4984.33
4984.4
4984.47
4984.5
4984.73
4985.0
4985.17
4985.2
4985.23
4985.5
4986.0
4986.13
4986.23
4986.5
4986.7
4986.8
4986.83
4986.87
4986.93
4987.0
4987.17
4987.5
4987.63
4987.67
4987.93
4988.0
4988.1
4988.13
4988.33
4988.5
4988.63
4989.0
4989.27
4989.5
4989.63
4989.67
4989.73
4989.77
4990.0
4990.07
4990.13
4990.43
4990.5
4990.83
4990.93
4990.97
4991.0
4991.13
4991.23
4991.43
4991.47
4991.5
4991.67
4991.87
4991.9
4991.97
4992.0
4992.5
4992.77
4992.8
4993.0
4993.07
4993.17
4993.2
4993.23
4993.27
4993.3
4993.43
4993.5
4993.57
4993.87
4994.0
4994.5
4994.63
4994.9
4994.97
4995.0
4995.3
4995.33
4995.4
4995.47
4995.5
4995.83
4995.97
4996.0
4996.4
4996.5
4996.9
4996.97
4997.0
4997.07
4997.33
4997.43
4997.47
4997.5
4997.93
4998.0
4998.07
4998.13
4998.17
4998.2
4998.27
4998.33
4998.43
4998.47
4998.5
4998.67
4998.87
4998.9
4998.93
4999.0
4999.23
4999.4
4999.5
4999.67
5000.0
5000.13
5000.5
5000.77
5000.8
5001.0
5001.47
5001.5
5001.63
5001.83
5002.0
5002.07
5002.1
5002.23
5002.47
5002.5
5002.63
5002.67
5002.9
5002.93
5003.0
5003.13
5003.43
5003.47
5003.5
5003.83
5004.0
5004.13
5004.2
5004.23
5004.43
5004.47
5004.5
5004.7
5004.77
5005.0
5005.03
5005.07
5005.1
5005.13
5005.5
5005.57
5005.6
5005.63
5005.67
5005.73
5005.77
5005.87
5006.0
5006.2
5006.5
5006.67
5006.7
5007.0
5007.07
5007.1
5007.23
5007.27
5007.3
5007.5
5007.77
5007.83
5007.93
5007.97
5008.0
5008.5
5008.77
5008.97
5009.0
5009.3
5009.5
5010.0
5010.27
5010.5
5010.53
5010.6
5010.77
5010.8
5010.9
5011.0
5011.4
5011.5
5012.0
5012.13
5012.23
5012.3
5012.33
5012.47
5012.5
5012.63
5012.67
5012.7
5012.73
5012.93
5013.0
5013.2
5013.3
5013.37
5013.43
5013.47
5013.5
5013.67
5013.83
5013.87
5014.0
5014.13
5014.17
5014.23
5014.27
5014.33
5014.37
5014.47
5014.5
5014.6
5014.67
5014.7
5014.87
5015.0
5015.07
5015.23
5015.27
5015.33
5015.37
5015.47
5015.5
5015.53
5015.57
5015.6
5015.63
5015.7
5015.9
5015.93
5015.97
5016.0
5016.37
5016.5
5016.7
5016.77
5016.8
5016.87
5016.97
5017.0
5017.07
5017.13
5017.27
5017.3
5017.33
5017.37
5017.47
5017.5
5017.67
5017.7
5017.87
5018.0
5018.07
5018.1
5018.13
5018.2
5018.33
5018.37
5018.5
5018.67
5018.7
5018.73
5018.77
5018.83
5018.87
5018.9
5019.0
5019.1
5019.2
5019.23
5019.27
5019.3
5019.33
5019.37
5019.4
5019.47
5019.5
5019.63
5019.7
5019.73
5019.83
5019.87
5019.9
5019.93
5019.97
5020.0
5020.1
5020.13
5020.17
5020.2
5020.23
5020.27
5020.3
5020.37
5020.47
5020.5
5021.0
5021.07
5021.1
5021.13
5021.17
5021.23
5021.27
5021.3
5021.33
5021.37
5021.4
5021.5
5021.53
5021.63
5021.67
5021.7
5021.73
5021.77
5021.87
5021.9
5021.93
5022.0
5022.1
5022.13
5022.23
5022.5
5022.6
5022.63
5022.67
5022.7
5022.77
5022.8
5022.83
5022.87
5022.9
5022.93
5022.97
5023.0
5023.07
5023.1
5023.13
5023.17
5023.2
5023.23
5023.3
5023.33
5023.37
5023.4
5023.47
5023.5
5023.57
5023.6
5023.63
5023.67
5023.7
5023.73
5023.77
5023.8
5023.83
5023.87
5023.9
5023.93
5023.97
5024.0
5024.07
5024.1
5024.13
5024.17
5024.2
5024.23
5024.27
5024.3
5024.33
5024.37
5024.4
5024.43
5024.47
5024.5
5024.6
5024.63
5024.67
5024.7
5024.73
5024.77
5024.8
5024.83
5024.87
5024.9
5024.93
5024.97
5025.0
5025.07
5025.1
5025.13
5025.17
5025.2
5025.23
5025.27
5025.3
5025.33
5025.37
5025.47
5025.5
5025.7
5025.73
5025.77
5025.8
5025.83
5025.87
5025.9
5025.93
5026.0
5026.07
5026.1
5026.13
5026.17
5026.2
5026.23
5026.27
5026.3
5026.33
5026.37
5026.5
5026.57
5026.6
5026.63
5026.73
5026.77
5027.0
5027.17
5027.2
5027.3
5027.37
5027.4
5027.43
5027.47
5027.5
5027.8
5027.83
5028.0
5028.2
5028.23
5028.27
5028.37
5028.4
5028.47
5028.5
5028.63
5028.67
5028.77
5028.93
5028.97
5029.0
5029.2
5029.23
5029.27
5029.33
5029.37
5029.4
5029.43
5029.47
5029.5
5029.6
5029.63
5029.67
5029.73
5029.77
5029.8
5029.83
5029.87
5029.9
5029.97
5030.0
5030.07
5030.1
5030.2
5030.23
5030.27
5030.3
5030.37
5030.4
5030.43
5030.47
5030.5
5030.57
5030.6
5030.63
5030.67
5030.7
5030.73
5030.77
5030.8
5030.83
5030.87
5030.9
5031.0
5031.07
5031.1
5031.17
5031.2
5031.23
5031.27
5031.3
5031.4
5031.43
5031.47
5031.5
5031.6
5031.63
5031.67
5031.7
5031.73
5031.77
5031.8
5031.83
5031.87
5031.9
5031.97
5032.0
5032.17
5032.2
5032.23
5032.37
5032.4
5032.43
5032.47
5032.5
5032.57
5032.6
5032.63
5032.67
5032.73
5032.77
5032.8
5032.83
5032.87
5032.9
5032.97
5033.0
5033.07
5033.1
5033.13
5033.17
5033.2
5033.23
5033.27
5033.3
5033.33
5033.37
5033.4
5033.43
5033.47
5033.5
5033.6
5033.63
5033.67
5033.73
5033.77
5033.8
5033.83
5033.87
5033.9
5033.93
5033.97
5034.0
5034.13
5034.17
5034.2
5034.23
5034.27
5034.33
5034.37
5034.4
5034.43
5034.47
5034.5
5034.57
5034.6
5034.63
5034.67
5034.7
5034.73
5034.77
5034.8
5034.83
5034.87
5034.9
5034.93
5034.97
5035.0
5035.03
5035.07
5035.1
5035.13
5035.2
5035.23
5035.27
5035.33
5035.37
5035.4
5035.43
5035.47
5035.5
5035.53
5035.6
5035.63
5035.67
5035.73
5035.77
5035.8
5035.83
5035.87
5035.93
5035.97
5036.0
5036.1
5036.13
5036.17
5036.3
5036.47
5036.5
5036.77
5036.9
5037.0
5037.27
5037.37
5037.47
5037.5
5038.0
5038.13
5038.17
5038.3
5038.33
5038.37
5038.47
5038.5
5038.57
5038.6
5038.67
5038.7
5038.73
5038.77
5038.8
5038.83
5038.87
5038.93
5039.0
5039.37
5039.4
5039.5
5039.6
5039.97
5040.0
5040.13
5040.17
5040.23
5040.27
5040.33
5040.4
5040.5
5040.53
5040.87
5040.9
5041.0
5041.37
5041.5
5041.97
5042.0
5042.2
5042.4
5042.43
5042.5
5042.9
5042.93
5043.0
5043.1
5043.33
5043.47
5043.5
5043.73
5043.97
5044.0
5044.43
5044.5
5044.93
5045.0
5045.07
5045.1
5045.13
5045.17
5045.2
5045.23
5045.27
5045.3
5045.33
5045.37
5045.5
5045.63
5045.67
5045.7
5045.87
5046.0
5046.27
5046.5
5046.57
5046.6
5046.73
5046.77
5046.9
5047.0
5047.23
5047.33
5047.47
5047.5
5047.7
5047.73
5047.8
5047.83
5047.87
5047.9
5048.0
5048.5
5048.63
5048.67
5048.7
5048.8
5048.83
5048.87
5048.9
5048.93
5049.0
5049.13
5049.23
5049.3
5049.33
5049.43
5049.5
5049.6
5049.7
5049.73
5049.77
5049.8
5049.83
5049.87
5049.9
5049.93
5049.97
5050.0
5050.07
5050.1
5050.13
5050.17
5050.2
5050.23
5050.27
5050.3
5050.33
5050.37
5050.4
5050.47
5050.5
5050.57
5050.6
5050.63
5050.67
5050.7
5050.73
5050.77
5050.87
5050.9
5050.93
5050.97
5051.0
5051.1
5051.13
5051.17
5051.2
5051.23
5051.27
5051.3
5051.33
5051.37
5051.4
5051.43
5051.47
5051.5
5051.57
5051.6
5051.7
5051.73
5051.77
5051.87
5051.9
5051.93
5051.97
5052.0
5052.07
5052.1
5052.13
5052.17
5052.2
5052.23
5052.27
5052.3
5052.33
5052.37
5052.4
5052.43
5052.47
5052.5
5052.57
5052.6
5052.63
5052.67
5052.7
5052.73
5052.77
5052.8
5052.83
5052.87
5052.97
5053.0
5053.1
5053.13
5053.17
5053.23
5053.27
5053.3
5053.33
5053.37
5053.4
5053.5
5053.57
5053.6
5053.63
5053.67
5053.7
5053.73
5053.77
5053.8
5053.83
5053.87
5053.9
5053.93
5053.97
5054.0
5054.07
5054.1
5054.13
5054.17
5054.2
5054.23
5054.27
5054.3
5054.33
5054.37
5054.4
5054.43
5054.47
5054.5
5054.53
5054.57
5054.63
5054.67
5054.7
5054.73
5054.77
5054.8
5054.83
5054.87
5054.9
5054.93
5054.97
5055.0
5055.07
5055.1
5055.13
5055.17
5055.23
5055.27
5055.3
5055.33
5055.37
5055.47
5055.5
5055.57
5055.6
5055.63
5055.67
5055.7
5055.73
5055.77
5055.8
5055.83
5055.87
5055.9
5055.93
5055.97
5056.0
5056.07
5056.1
5056.13
5056.17
5056.2
5056.23
5056.27
5056.3
5056.33
5056.37
5056.4
5056.43
5056.47
5056.5
5056.57
5056.6
5056.63
5056.67
5056.7
5056.73
5056.77
5056.8
5056.83
5056.87
5056.9
5056.93
5056.97
5057.0
5057.1
5057.13
5057.17
5057.2
5057.23
5057.27
5057.3
5057.33
5057.37
5057.4
5057.43
5057.47
5057.5
5057.57
5057.6
5057.63
5057.7
5057.73
5057.77
5057.8
5057.83
5057.9
5057.93
5057.97
5058.0
5058.1
5058.13
5058.17
5058.2
5058.23
5058.27
5058.33
5058.37
5058.4
5058.43
5058.47
5058.5
5058.6
5058.63
5058.7
5058.73
5058.8
5058.87
5058.93
5058.97
5059.0
5059.1
5059.13
5059.33
5059.37
5059.4
5059.47
5059.5
5059.63
5059.73
5059.87
5059.9
5059.93
5059.97
5060.0
5060.1
5060.13
5060.17
5060.23
5060.27
5060.3
5060.33
5060.37
5060.4
5060.43
5060.47
5060.5
5060.6
5060.67
5060.7
5060.73
5060.77
5060.8
5060.83
5060.87
5060.97
5061.0
5061.07
5061.17
5061.2
5061.23
5061.27
5061.3
5061.33
5061.37
5061.4
5061.43
5061.5
5061.53
5061.57
5061.6
5061.63
5061.67
5061.7
5061.73
5061.77
5061.8
5061.83
5061.87
5061.9
5062.0
5062.1
5062.17
5062.2
5062.23
5062.27
5062.3
5062.33
5062.37
5062.4
5062.43
5062.47
5062.5
5062.57
5062.6
5062.63
5062.67
5062.7
5062.73
5062.77
5062.8
5062.83
5062.87
5062.9
5062.93
5063.0
5063.07
5063.1
5063.13
5063.17
5063.2
5063.23
5063.27
5063.3
5063.33
5063.37
5063.4
5063.43
5063.47
5063.5
5063.6
5063.63
5063.67
5063.7
5063.73
5063.77
5063.8
5063.83
5063.87
5063.9
5063.93
5064.0
5064.07
5064.1
5064.13
5064.17
5064.2
5064.23
5064.27
5064.3
5064.33
5064.37
5064.4
5064.43
5064.47
5064.5
5064.63
5064.67
5064.7
5064.77
5064.8
5064.83
5064.87
5064.9
5064.93
5064.97
5065.0
5065.07
5065.1
5065.13
5065.17
5065.2
5065.23
5065.27
5065.33
5065.37
5065.4
5065.47
5065.5
5065.57
5065.9
5065.93
5066.0
5066.23
5066.3
5066.33
5066.4
5066.5
5066.6
5066.63
5066.67
5066.77
5066.8
5066.83
5066.87
5066.97
5067.0
5067.1
5067.13
5067.2
5067.23
5067.27
5067.33
5067.37
5067.4
5067.43
5067.47
5067.5
5067.6
5067.63
5067.67
5067.77
5067.8
5067.83
5067.87
5067.9
5068.0
5068.07
5068.1
5068.23
5068.27
5068.4
5068.47
5068.5
5068.53
5068.57
5068.6
5068.63
5068.67
5068.7
5068.77
5068.8
5068.83
5068.87
5068.9
5068.93
5069.0
5069.1
5069.2
5069.3
5069.33
5069.37
5069.5
5069.7
5069.73
5069.8
5069.83
5069.87
5069.93
5070.0
5070.13
5070.5
5070.67
5070.7
5070.9
5070.97
5071.0
5071.17
5071.23
5071.4
5071.43
5071.5
5071.63
5071.67
5071.77
5071.8
5071.83
5071.87
5071.93
5072.0
5072.23
5072.3
5072.43
5072.47
5072.5
5072.63
5072.67
5072.7
5072.73
5072.77
5072.83
5072.9
5072.93
5073.0
5073.13
5073.17
5073.5
5073.73
5073.83
5073.87
5073.93
5074.0
5074.07
5074.1
5074.13
5074.17
5074.23
5074.27
5074.3
5074.33
5074.37
5074.4
5074.5
5074.67
5074.7
5074.73
5074.77
5074.8
5074.83
5074.87
5074.9
5074.93
5074.97
5075.0
5075.07
5075.1
5075.13
5075.17
5075.2
5075.23
5075.27
5075.3
5075.33
5075.37
5075.4
5075.47
5075.5
5075.67
5075.73
5075.77
5075.83
5076.0
5076.13
5076.17
5076.5
5076.67
5076.7
5077.0
5077.2
5077.23
5077.33
5077.5
5077.67
5077.7
5077.8
5077.9
5077.93
5077.97
5078.0
5078.1
5078.5
5078.63
5078.67
5078.7
5078.83
5078.87
5078.9
5078.93
5078.97
5079.0
5079.07
5079.1
5079.13
5079.17
5079.23
5079.27
5079.3
5079.33
5079.37
5079.4
5079.47
5079.5
5079.73
5079.77
5079.8
5079.83
5079.87
5079.9
5079.93
5079.97
5080.0
5080.1
5080.13
5080.17
5080.2
5080.23
5080.27
5080.3
5080.33
5080.37
5080.4
5080.43
5080.47
5080.5
5080.57
5080.6
5080.63
5080.67
5080.7
5080.77
5080.8
5080.83
5080.87
5080.97
5081.0
5081.1
5081.27
5081.3
5081.43
5081.5
5081.57
5081.6
5081.67
5081.7
5081.73
5081.87
5081.9
5081.97
5082.0
5082.13
5082.17
5082.2
5082.23
5082.27
5082.3
5082.33
5082.4
5082.43
5082.47
5082.5
5082.6
5082.63
5082.7
5082.83
5082.97
5083.0
5083.07
5083.13
5083.23
5083.27
5083.3
5083.33
5083.43
5083.47
5083.5
5083.63
5083.67
5083.7
5083.77
5083.93
5083.97
5084.0
5084.1
5084.13
5084.17
5084.23
5084.27
5084.3
5084.33
5084.37
5084.4
5084.43
5084.5
5084.57
5084.6
5084.67
5084.7
5084.73
5084.77
5084.8
5084.83
5084.87
5084.9
5084.93
5084.97
5085.0
5085.13
5085.17
5085.2
5085.23
5085.27
5085.33
5085.37
5085.4
5085.43
5085.47
5085.5
5085.57
5085.6
5085.63
5085.67
5085.73
5085.77
5085.8
5085.83
5085.87
5085.9
5086.0
5086.03
5086.07
5086.1
5086.13
5086.17
5086.2
5086.23
5086.27
5086.3
5086.4
5086.43
5086.47
5086.5
5086.6
5086.63
5086.67
5086.7
5086.8
5086.83
5086.87
5086.9
5086.93
5087.0
5087.07
5087.1
5087.13
5087.17
5087.2
5087.23
5087.27
5087.3
5087.33
5087.43
5087.47
5087.5
5087.6
5087.7
5087.73
5087.77
5087.9
5087.93
5087.97
5088.0
5088.07
5088.1
5088.13
5088.17
5088.2
5088.3
5088.33
5088.37
5088.4
5088.43
5088.47
5088.5
5088.6
5088.63
5088.67
5088.7
5088.73
5088.8
5088.9
5089.0
5089.27
5089.3
5089.33
5089.37
5089.4
5089.5
5090.0
5090.07
5090.17
5090.27
5090.5
5090.6
5090.63
5090.67
5090.73
5090.77
5090.8
5090.83
5090.87
5090.9
5091.0
5091.07
5091.1
5091.27
5091.43
5091.47
5091.5
5091.6
5091.63
5091.67
5091.7
5091.73
5091.77
5091.8
5091.83
5091.87
5091.9
5091.97
5092.0
5092.07
5092.1
5092.13
5092.17
5092.2
5092.23
5092.27
5092.3
5092.37
5092.47
5092.5
5092.53
5092.63
5092.67
5092.7
5092.73
5092.8
5092.87
5092.9
5092.93
5093.0
5093.1
5093.13
5093.17
5093.2
5093.27
5093.3
5093.33
5093.37
5093.4
5093.47
5093.5
5093.6
5093.63
5093.67
5093.77
5093.8
5093.87
5093.93
5094.0
5094.23
5094.27
5094.3
5094.33
5094.37
5094.4
5094.5
5094.57
5094.6
5094.67
5094.77
5094.8
5094.83
5094.87
5094.9
5094.97
5095.0
5095.1
5095.13
5095.17
5095.2
5095.23
5095.27
5095.3
5095.33
5095.37
5095.4
5095.43
5095.47
5095.5
5095.57
5095.6
5095.63
5095.67
5095.7
5095.73
5095.77
5095.8
5095.83
5095.87
5095.9
5095.97
5096.0
5096.07
5096.13
5096.17
5096.2
5096.23
5096.27
5096.3
5096.37
5096.4
5096.43
5096.47
5096.5
5096.57
5096.6
5096.63
5096.67
5096.7
5096.73
5096.77
5096.8
5096.83
5096.87
5096.9
5096.93
5097.0
5097.07
5097.1
5097.17
5097.2
5097.23
5097.27
5097.3
5097.33
5097.4
5097.43
5097.47
5097.5
5097.57
5097.67
5097.7
5097.73
5097.77
5097.83
5097.87
5097.9
5097.93
5097.97
5098.0
5098.07
5098.1
5098.13
5098.17
5098.2
5098.23
5098.27
5098.3
5098.33
5098.37
5098.4
5098.5
5098.57
5098.6
5098.63
5098.67
5098.7
5098.73
5098.77
5098.8
5098.83
5098.87
5098.9
5098.93
5098.97
5099.0
5099.13
5099.17
5099.2
5099.23
5099.3
5099.33
5099.37
5099.4
5099.43
5099.47
5099.5
5099.57
5099.6
5099.63
5099.67
5099.7
5099.73
5099.77
5099.8
5099.83
5099.87
5099.9
5099.93
5100.0
5100.07
5100.1
5100.13
5100.2
5100.23
5100.27
5100.3
5100.33
5100.37
5100.4
5100.43
5100.47
5100.5
5100.63
5100.67
5100.7
5100.73
5100.77
5100.8
5100.83
5100.87
5100.9
5100.93
5100.97
5101.0
5101.07
5101.1
5101.13
5101.17
5101.2
5101.23
5101.3
5101.33
5101.37
5101.4
5101.43
5101.5
5101.57
5101.6
5101.63
5101.67
5101.7
5101.73
5101.77
5101.8
5101.83
5101.87
5101.97
5102.0
5102.2
5102.23
5102.27
5102.3
5102.33
5102.4
5102.43
5102.47
5102.5
5102.63
5102.67
5102.7
5102.73
5102.77
5102.8
5102.83
5102.87
5102.9
5102.93
5102.97
5103.0
5103.07
5103.1
5103.13
5103.17
5103.2
5103.23
5103.27
5103.3
5103.33
5103.37
5103.4
5103.5
5103.57
5103.63
5103.67
5103.7
5103.77
5103.8
5103.83
5103.9
5103.93
5103.97
5104.0
5104.13
5104.17
5104.2
5104.23
5104.27
5104.3
5104.33
5104.37
5104.4
5104.43
5104.47
5104.5
5104.57
5104.6
5104.63
5104.67
5104.7
5104.73
5104.77
5104.8
5104.83
5104.87
5104.9
5105.0
5105.07
5105.1
5105.13
5105.17
5105.23
5105.27
5105.5
5105.57
5105.6
5105.67
5105.7
5105.73
5105.8
5105.83
5105.87
5105.9
5105.93
5105.97
5106.0
5106.07
5106.1
5106.13
5106.17
5106.2
5106.23
5106.27
5106.3
5106.33
5106.37
5106.4
5106.5
5106.53
5106.57
5106.6
5106.63
5106.7
5106.73
5106.77
5106.83
5106.93
5106.97
5107.0
5107.1
5107.17
5107.2
5107.27
5107.3
5107.33
5107.37
5107.4
5107.43
5107.47
5107.5
5107.67
5107.7
5107.77
5107.8
5107.87
5107.97
5108.0
5108.13
5108.17
5108.2
5108.23
5108.27
5108.3
5108.33
5108.4
5108.43
5108.47
5108.5
5108.73
5108.8
5109.0
5109.17
5109.2
5109.23
5109.3
5109.37
5109.4
5109.5
5109.67
5109.7
5109.73
5109.77
5109.87
5109.93
5109.97
5110.0
5110.17
5110.33
5110.37
5110.5
5110.8
5110.9
5111.0
5111.1
5111.13
5111.17
5111.2
5111.23
5111.27
5111.3
5111.33
5111.37
5111.5
5111.57
5111.6
5111.63
5111.67
5111.7
5111.73
5111.77
5111.8
5111.83
5111.87
5111.9
5111.93
5111.97
5112.0
5112.03
5112.07
5112.1
5112.13
5112.17
5112.2
5112.23
5112.27
5112.3
5112.33
5112.37
5112.4
5112.47
5112.5
5112.63
5112.67
5112.7
5112.73
5112.83
5112.87
5112.9
5112.93
5112.97
5113.0
5113.07
5113.1
5113.13
5113.17
5113.2
5113.23
5113.27
5113.3
5113.33
5113.37
5113.4
5113.43
5113.47
5113.5
5113.73
5113.77
5113.97
5114.0
5114.1
5114.23
5114.27
5114.3
5114.33
5114.37
5114.4
5114.43
5114.47
5114.5
5114.6
5114.63
5114.67
5114.73
5114.83
5114.87
5114.9
5114.97
5115.0
5115.13
5115.23
5115.27
5115.33
5115.37
5115.4
5115.43
5115.5
5115.6
5115.63
5115.67
5115.7
5115.73
5115.77
5115.83
5115.87
5115.9
5115.93
5115.97
5116.0
5116.03
5116.1
5116.17
5116.2
5116.23
5116.27
5116.3
5116.37
5116.4
5116.43
5116.47
5116.5
5116.57
5116.6
5116.67
5116.7
5116.73
5116.77
5116.8
5116.83
5116.87
5116.97
5117.0
5117.17
5117.2
5117.23
5117.27
5117.3
5117.37
5117.4
5117.43
5117.47
5117.5
5117.6
5117.63
5117.67
5117.7
5117.77
5117.8
5117.83
5117.87
5117.9
5118.0
5118.2
5118.23
5118.27
5118.3
5118.33
5118.4
5118.43
5118.47
5118.5
5118.53
5118.6
5118.63
5118.67
5118.7
5118.73
5118.83
5118.87
5118.9
5118.93
5118.97
5119.0
5119.07
5119.1
5119.13
5119.17
5119.2
5119.23
5119.27
5119.3
5119.33
5119.37
5119.4
5119.43
5119.47
5119.5
5119.57
5119.6
5119.67
5119.77
5119.8
5119.87
5120.0
5120.07
5120.1
5120.2
5120.27
5120.3
5120.33
5120.37
5120.4
5120.5
5120.57
5120.6
5120.63
5120.73
5120.77
5120.8
5120.83
5120.87
5120.9
5120.93
5120.97
5121.0
5121.07
5121.1
5121.13
5121.17
5121.2
5121.23
5121.27
5121.3
5121.33
5121.37
5121.4
5121.43
5121.5
5121.57
5121.6
5121.63
5121.7
5121.73
5121.77
5121.8
5121.83
5121.87
5121.9
5121.93
5122.0
5122.1
5122.13
5122.17
5122.2
5122.3
5122.33
5122.37
5122.43
5122.47
5122.5
5122.73
5123.0
5123.07
5123.1
5123.2
5123.27
5123.3
5123.37
5123.43
5123.5
5123.6
5123.63
5123.67
5123.7
5123.73
5123.77
5123.8
5123.83
5123.87
5123.9
5123.93
5123.97
5124.0
5124.03
5124.1
5124.13
5124.23
5124.27
5124.33
5124.37
5124.47
5124.5
5124.63
5124.67
5124.7
5124.73
5124.77
5124.8
5124.83
5124.87
5124.97
5125.0
5125.27
5125.3
5125.33
5125.37
5125.4
5125.43
5125.47
5125.5
5125.6
5125.63
5125.67
5125.73
5125.77
5125.83
5125.87
5125.97
5126.0
5126.03
5126.07
5126.1
5126.13
5126.17
5126.2
5126.27
5126.3
5126.37
5126.4
5126.43
5126.47
5126.5
5126.6
5126.63
5126.67
5126.7
5126.77
5126.8
5126.83
5126.87
5126.9
5126.93
5126.97
5127.0
5127.17
5127.37
5127.43
5127.47
5127.5
5127.63
5127.67
5127.7
5127.73
5127.77
5127.8
5127.83
5127.87
5127.9
5127.93
5127.97
5128.0
5128.07
5128.1
5128.17
5128.27
5128.4
5128.43
5128.47
5128.5
5128.53
5128.57
5128.6
5128.63
5128.67
5128.7
5128.73
5128.77
5128.8
5128.83
5128.87
5128.9
5128.93
5129.0
5129.33
5129.4
5129.5
5129.57
5129.73
5129.77
5129.8
5129.97
5130.0
5130.23
5130.3
5130.37
5130.4
5130.5
5130.67
5130.73
5130.77
5130.8
5130.87
5130.9
5130.93
5130.97
5131.0
5131.03
5131.07
5131.1
5131.13
5131.17
5131.2
5131.23
5131.27
5131.33
5131.37
5131.4
5131.43
5131.47
5131.5
5131.63
5131.67
5131.7
5131.73
5131.77
5131.8
5131.83
5131.87
5131.9
5131.93
5132.0
5132.1
5132.13
5132.17
5132.2
5132.27
5132.3
5132.33
5132.37
5132.4
5132.5
5132.63
5132.67
5132.7
5132.73
5132.77
5132.8
5132.83
5132.87
5132.9
5132.93
5132.97
5133.0
5133.1
5133.13
5133.17
5133.2
5133.23
5133.3
5133.33
5133.37
5133.4
5133.43
5133.5
5133.6
5133.63
5133.7
5133.73
5133.77
5133.8
5133.87
5133.9
5133.93
5133.97
5134.0
5134.2
5134.3
5134.33
5134.43
5134.5
5134.6
5134.63
5134.67
5134.7
5134.73
5134.8
5134.83
5134.87
5134.9
5134.93
5134.97
5135.0
5135.1
5135.13
5135.2
5135.27
5135.37
5135.4
5135.43
5135.47
5135.5
5135.57
5135.6
5135.67
5135.77
5135.83
5135.87
5135.9
5136.0
5136.23
5136.27
5136.33
5136.37
5136.4
5136.5
5136.63
5136.73
5136.77
5136.83
5136.87
5136.9
5136.93
5136.97
5137.0
5137.13
5137.27
5137.33
5137.37
5137.4
5137.5
5137.7
5137.73
5137.77
5137.8
5137.83
5137.87
5137.9
5137.93
5137.97
5138.0
5138.1
5138.13
5138.23
5138.27
5138.37
5138.4
5138.5
5138.6
5138.63
5138.67
5138.7
5138.83
5138.87
5138.93
5139.0
5139.03
5139.07
5139.1
5139.13
5139.3
5139.33
5139.37
5139.47
5139.5
5139.6
5139.63
5139.67
5139.73
5139.93
5140.0
5140.1
5140.13
5140.17
5140.27
5140.37
5140.4
5140.43
5140.5
5140.63
5140.67
5140.77
5140.83
5140.87
5140.9
5140.93
5141.0
5141.1
5141.13
5141.17
5141.2
5141.23
5141.27
5141.3
5141.33
5141.37
5141.4
5141.43
5141.47
5141.5
5141.6
5141.63
5141.67
5141.7
5141.77
5141.8
5141.83
5141.87
5141.9
5141.93
5141.97
5142.0
5142.1
5142.13
5142.23
5142.27
5142.33
5142.37
5142.4
5142.43
5142.47
5142.5
5142.6
5142.63
5142.67
5142.7
5142.77
5142.8
5142.83
5142.87
5142.93
5143.0
5143.07
5143.1
5143.13
5143.17
5143.2
5143.23
5143.27
5143.3
5143.33
5143.37
5143.4
5143.43
5143.47
5143.5
5143.63
5143.67
5143.7
5143.73
5143.77
5143.8
5143.83
5143.87
5143.9
5143.93
5143.97
5144.0
5144.07
5144.1
5144.13
5144.17
5144.2
5144.23
5144.27
5144.3
5144.33
5144.37
5144.4
5144.43
5144.47
5144.5
5144.57
5144.63
5144.67
5144.7
5144.73
5144.77
5144.8
5144.87
5144.9
5144.93
5144.97
5145.0
5145.07
5145.1
5145.13
5145.17
5145.27
5145.3
5145.33
5145.37
5145.4
5145.43
5145.5
5145.53
5145.57
5145.6
5145.63
5145.67
5145.7
5145.73
5145.77
5145.8
5145.83
5145.9
5145.93
5145.97
5146.0
5146.1
5146.13
5146.17
5146.2
5146.3
5146.33
5146.37
5146.4
5146.43
5146.47
5146.5
5146.53
5146.57
5146.6
5146.63
5146.67
5146.7
5146.73
5146.77
5146.8
5146.83
5146.87
5146.9
5146.93
5146.97
5147.0
5147.07
5147.1
5147.13
5147.17
5147.2
5147.23
5147.27
5147.3
5147.33
5147.37
5147.4
5147.43
5147.47
5147.5
5147.57
5147.6
5147.63
5147.67
5147.7
5147.73
5147.77
5147.8
5147.83
5147.97
5148.0
5148.1
5148.13
5148.17
5148.2
5148.23
5148.33
5148.4
5148.5
5148.57
5148.6
5148.63
5148.67
5148.7
5148.73
5148.77
5148.8
5148.83
5148.87
5148.9
5148.93
5148.97
5149.0
5149.07
5149.1
5149.13
5149.17
5149.2
5149.23
5149.27
5149.3
5149.33
5149.37
5149.4
5149.43
5149.47
5149.5
5149.57
5149.6
5149.63
5149.67
5149.7
5149.73
5149.77
5149.8
5149.83
5149.87
5149.9
5149.93
5149.97
5150.0
5150.1
5150.13
5150.17
5150.2
5150.23
5150.27
5150.3
5150.33
5150.37
5150.4
5150.43
5150.5
5150.57
5150.6
5150.67
5150.7
5150.73
5150.77
5150.8
5150.83
5150.9
5150.93
5150.97
5151.0
5151.13
5151.17
5151.2
5151.23
5151.27
5151.3
5151.33
5151.37
5151.4
5151.43
5151.47
5151.5
5151.57
5151.6
5151.63
5151.67
5151.73
5151.77
5151.8
5151.83
5151.87
5151.97
5152.0
5152.2
5152.23
5152.27
5152.3
5152.33
5152.37
5152.4
5152.43
5152.47
5152.5
5152.6
5152.63
5152.67
5152.7
5152.77
5152.8
5152.83
5152.87
5152.9
5152.93
5153.0
5153.23
5153.43
5153.5
5153.6
5153.63
5153.67
5153.77
5153.8
5153.83
5153.87
5153.9
5154.0
5154.17
5154.23
5154.27
5154.33
5154.4
5154.43
5154.47
5154.5
5154.63
5154.67
5154.7
5154.73
5154.77
5154.8
5154.87
5154.9
5154.93
5154.97
5155.0
5155.07
5155.1
5155.13
5155.17
5155.2
5155.23
5155.27
5155.3
5155.33
5155.4
5155.47
5155.5
5155.53
5155.77
5155.8
5155.83
5155.87
5155.93
5155.97
5156.0
5156.13
5156.27
5156.33
5156.4
5156.47
5156.5
5156.63
5156.67
5156.7
5156.73
5156.77
5156.8
5156.83
5156.87
5156.9
5156.93
5156.97
5157.0
5157.1
5157.13
5157.17
5157.2
5157.23
5157.27
5157.3
5157.33
5157.37
5157.4
5157.43
5157.47
5157.5
5157.57
5157.6
5157.63
5157.67
5157.7
5157.73
5157.77
5157.8
5157.83
5157.87
5157.9
5157.93
5157.97
5158.0
5158.1
5158.13
5158.17
5158.2
5158.23
5158.27
5158.3
5158.33
5158.37
5158.4
5158.43
5158.5
5158.57
5158.6
5158.63
5158.67
5158.7
5158.73
5158.77
5158.8
5158.83
5158.87
5158.9
5158.93
5158.97
5159.0
5159.13
5159.17
5159.2
5159.23
5159.33
5159.37
5159.43
5159.47
5159.5
5159.57
5159.6
5159.63
5159.67
5159.7
5159.73
5159.77
5159.8
5159.83
5159.87
5159.9
5159.93
5159.97
5160.0
5160.03
5160.07
5160.1
5160.13
5160.17
5160.2
5160.23
5160.27
5160.3
5160.33
5160.37
5160.4
5160.43
5160.47
5160.5
5160.53
5160.57
5160.6
5160.63
5160.67
5160.7
5160.73
5160.77
5160.8
5160.83
5160.87
5160.9
5160.93
5160.97
5161.0
5161.03
5161.07
5161.1
5161.13
5161.17
5161.2
5161.23
5161.27
5161.3
5161.33
5161.37
5161.4
5161.43
5161.47
5161.5
5161.57
5161.6
5161.63
5161.67
5161.7
5161.73
5161.77
5161.8
5161.83
5161.87
5161.9
5161.93
5161.97
5162.0
5162.1
5162.13
5162.17
5162.2
5162.23
5162.27
5162.3
5162.33
5162.37
5162.4
5162.43
5162.5
5162.57
5162.6
5162.63
5162.67
5162.7
5162.73
5162.77
5162.8
5162.83
5162.97
5163.0
5163.1
5163.2
5163.27
5163.3
5163.37
5163.4
5163.43
5163.47
5163.5
5163.57
5163.6
5163.63
5163.67
5163.73
5163.77
5163.8
5163.83
5163.87
5163.9
5163.97
5164.0
5164.07
5164.1
5164.13
5164.17
5164.2
5164.23
5164.27
5164.3
5164.33
5164.43
5164.47
5164.5
5164.67
5164.7
5164.73
5164.77
5164.8
5164.93
5164.97
5165.0
5165.07
5165.1
5165.13
5165.17
5165.2
5165.4
5165.5
5165.63
5165.67
5165.7
5165.8
5165.83
5165.87
5165.9
5165.93
5166.0
5166.1
5166.17
5166.2
5166.23
5166.27
5166.4
5166.43
5166.47
5166.5
5166.63
5166.67
5166.7
5166.73
5166.77
5166.83
5166.87
5166.9
5166.93
5166.97
5167.0
5167.07
5167.1
5167.13
5167.17
5167.2
5167.23
5167.27
5167.3
5167.33
5167.37
5167.4
5167.47
5167.5
5167.57
5167.6
5167.63
5167.67
5167.7
5167.73
5167.77
5167.8
5167.83
5167.87
5167.9
5167.93
5167.97
5168.0
5168.1
5168.13
5168.17
5168.2
5168.23
5168.27
5168.3
5168.33
5168.37
5168.4
5168.43
5168.47
5168.5
5168.57
5168.6
5168.63
5168.67
5168.7
5168.73
5168.77
5168.8
5168.83
5168.87
5168.9
5168.93
5168.97
5169.0
5169.07
5169.13
5169.17
5169.2
5169.23
5169.3
5169.33
5169.37
5169.4
5169.43
5169.47
5169.5
5169.57
5169.6
5169.63
5169.67
5169.7
5169.73
5169.77
5169.8
5169.83
5169.9
5169.93
5170.0
5170.33
5170.4
5170.47
5170.5
5170.53
5170.57
5170.6
5170.63
5170.77
5170.8
5170.87
5170.9
5170.93
5170.97
5171.0
5171.17
5171.2
5171.23
5171.27
5171.3
5171.37
5171.4
5171.43
5171.47
5171.5
5171.6
5171.63
5171.67
5171.73
5171.77
5171.8
5171.83
5171.87
5171.9
5171.93
5171.97
5172.0
5172.07
5172.1
5172.13
5172.17
5172.2
5172.23
5172.27
5172.3
5172.4
5172.43
5172.47
5172.5
5172.57
5172.6
5172.63
5172.67
5172.7
5172.77
5172.8
5172.83
5172.87
5172.9
5172.93
5172.97
5173.0
5173.07
5173.1
5173.2
5173.23
5173.27
5173.3
5173.33
5173.37
5173.4
5173.43
5173.47
5173.5
5173.6
5173.63
5173.67
5173.7
5173.73
5173.8
5173.83
5173.87
5173.9
5173.93
5173.97
5174.0
5174.07
5174.1
5174.13
5174.2
5174.23
5174.27
5174.3
5174.33
5174.37
5174.47
5174.5
5174.63
5174.67
5174.7
5174.73
5174.77
5174.8
5174.83
5174.93
5174.97
5175.0
5175.07
5175.13
5175.17
5175.2
5175.23
5175.27
5175.3
5175.33
5175.37
5175.4
5175.43
5175.47
5175.5
5175.57
5175.6
5175.73
5175.77
5175.8
5175.83
5175.87
5175.9
5175.93
5175.97
5176.0
5176.07
5176.1
5176.13
5176.17
5176.2
5176.23
5176.3
5176.33
5176.37
5176.4
5176.43
5176.5
5176.57
5176.6
5176.63
5176.67
5176.7
5176.73
5176.77
5176.8
5176.83
5176.9
5176.93
5176.97
5177.0
5177.03
5177.13
5177.17
5177.2
5177.23
5177.3
5177.33
5177.37
5177.4
5177.43
5177.5
5177.57
5177.6
5177.63
5177.73
5177.77
5177.83
5177.93
5177.97
5178.0
5178.1
5178.13
5178.17
5178.2
5178.23
5178.27
5178.33
5178.37
5178.4
5178.47
5178.5
5178.57
5178.6
5178.63
5178.7
5178.73
5178.77
5178.8
5178.93
5178.97
5179.0
5179.27
5179.3
5179.33
5179.37
5179.4
5179.47
5179.5
5179.6
5179.87
5179.9
5179.97
5180.0
5180.3
5180.5
5180.53
5180.57
5180.6
5180.63
5180.67
5180.73
5180.77
5180.8
5180.83
5180.87
5180.9
5180.93
5181.0
5181.07
5181.2
5181.23
5181.27
5181.3
5181.33
5181.37
5181.4
5181.43
5181.47
5181.5
5181.57
5181.63
5181.67
5181.7
5181.73
5181.8
5181.83
5181.87
5181.9
5181.93
5181.97
5182.0
5182.07
5182.1
5182.13
5182.17
5182.23
5182.27
5182.3
5182.33
5182.37
5182.43
5182.47
5182.5
5182.57
5182.63
5182.67
5182.7
5182.73
5182.77
5182.8
5182.83
5182.87
5182.9
5182.93
5182.97
5183.0
5183.1
5183.13
5183.17
5183.2
5183.27
5183.3
5183.33
5183.37
5183.4
5183.43
5183.47
5183.5
5183.63
5183.67
5183.7
5183.73
5183.83
5183.87
5183.9
5183.93
5183.97
5184.0
5184.07
5184.1
5184.13
5184.17
5184.23
5184.27
5184.3
5184.33
5184.37
5184.4
5184.43
5184.47
5184.5
5184.67
5184.7
5184.73
5184.83
5184.9
5184.93
5185.0
5185.1
5185.13
5185.17
5185.2
5185.23
5185.27
5185.3
5185.33
5185.37
5185.4
5185.5
5185.57
5185.6
5185.63
5185.67
5185.73
5185.77
5185.8
5185.87
5185.9
5185.93
5185.97
5186.0
5186.07
5186.1
5186.13
5186.17
5186.2
5186.27
5186.3
5186.33
5186.37
5186.4
5186.43
5186.47
5186.5
5186.57
5186.6
5186.63
5186.67
5186.7
5186.73
5186.9
5186.93
5186.97
5187.0
5187.07
5187.1
5187.13
5187.17
5187.2
5187.23
5187.27
5187.3
5187.37
5187.4
5187.43
5187.47
5187.5
5187.57
5187.6
5187.63
5187.67
5187.7
5187.73
5187.77
5187.8
5187.83
5187.87
5187.9
5187.97
5188.0
5188.07
5188.1
5188.13
5188.17
5188.2
5188.23
5188.27
5188.3
5188.33
5188.37
5188.4
5188.43
5188.47
5188.5
5188.57
5188.6
5188.63
5188.67
5188.77
5188.8
5188.83
5188.9
5188.93
5188.97
5189.0
5189.27
5189.3
5189.37
5189.4
5189.43
5189.47
5189.5
5189.6
5189.63
5189.67
5189.7
5189.73
5189.77
5189.8
5189.83
5189.87
5189.9
5189.93
5189.97
5190.0
5190.07
5190.1
5190.13
5190.2
5190.23
5190.27
5190.3
5190.33
5190.37
5190.4
5190.43
5190.47
5190.5
5190.57
5190.63
5190.67
5190.7
5190.73
5190.77
5190.8
5190.83
5190.87
5190.9
5190.93
5190.97
5191.0
5191.1
5191.13
5191.17
5191.27
5191.3
5191.33
5191.37
5191.4
5191.47
5191.5
5191.57
5191.63
5191.67
5191.7
5191.73
5191.77
5191.87
5191.9
5191.93
5191.97
5192.0
5192.07
5192.1
5192.13
5192.17
5192.23
5192.27
5192.3
5192.33
5192.37
5192.47
5192.5
5192.53
5192.57
5192.6
5192.63
5192.67
5192.7
5192.73
5192.77
5192.8
5192.83
5192.87
5192.9
5192.93
5192.97
5193.0
5193.1
5193.13
5193.17
5193.2
5193.23
5193.27
5193.3
5193.33
5193.37
5193.4
5193.43
5193.47
5193.5
5193.53
5193.57
5193.63
5193.67
5193.7
5193.73
5193.77
5193.8
5193.83
5193.87
5193.9
5193.93
5193.97
5194.0
5194.07
5194.1
5194.13
5194.17
5194.2
5194.23
5194.27
5194.3
5194.33
5194.37
5194.4
5194.43
5194.47
5194.5
5194.57
5194.7
5194.73
5194.77
5194.8
5194.9
5194.93
5194.97
5195.0
5195.1
5195.13
5195.17
5195.2
5195.23
5195.27
5195.33
5195.37
5195.4
5195.43
5195.5
5195.57
5195.6
5195.67
5195.7
5195.73
5195.77
5195.8
5195.83
5195.87
5195.93
5195.97
5196.0
5196.13
5196.17
5196.2
5196.23
5196.33
5196.37
5196.4
5196.43
5196.47
5196.5
5196.57
5196.6
5196.63
5196.67
5196.7
5196.73
5196.77
5196.8
5196.83
5196.87
5196.9
5197.0
5197.07
5197.13
5197.17
5197.2
5197.23
5197.27
5197.3
5197.4
5197.43
5197.47
5197.5
5197.63
5197.67
5197.77
5197.8
5197.83
5197.87
5197.9
5197.93
5198.0
5198.1
5198.13
5198.23
5198.27
5198.3
5198.37
5198.4
5198.43
5198.47
5198.5
5198.6
5198.63
5198.67
5198.7
5198.73
5198.83
5198.87
5198.9
5199.0
5199.1
5199.17
5199.2
5199.23
5199.27
5199.3
5199.47
5199.5
5199.67
5199.7
5199.73
5199.77
5199.8
5199.83
5199.87
5199.97
5200.0
5200.1
5200.13
5200.2
5200.23
5200.27
5200.37
5200.4
5200.43
5200.47
5200.5
5200.57
5200.6
5200.63
5200.67
5200.7
5200.77
5200.83
5200.9
5200.93
5201.0
5201.1
5201.13
5201.17
5201.2
5201.33
5201.37
5201.4
5201.43
5201.47
5201.5
5201.6
5201.63
5201.73
5201.77
5201.8
5201.83
5201.9
5201.93
5201.97
5202.0
5202.03
5202.07
5202.13
5202.17
5202.2
5202.23
5202.27
5202.33
5202.37
5202.4
5202.43
5202.47
5202.5
5202.57
5202.6
5202.63
5202.73
5202.77
5202.8
5202.83
5202.87
5202.93
5202.97
5203.0
5203.03
5203.23
5203.27
5203.3
5203.33
5203.37
5203.4
5203.43
5203.47
5203.5
5203.57
5203.6
5203.63
5203.67
5203.7
5203.8
5203.83
5203.87
5204.0
5204.07
5204.1
5204.2
5204.23
5204.27
5204.3
5204.33
5204.37
5204.4
5204.43
5204.47
5204.5
5204.6
5204.63
5204.7
5204.73
5204.77
5204.83
5204.87
5204.9
5204.93
5204.97
5205.0
5205.03
5205.1
5205.13
5205.17
5205.2
5205.23
5205.27
5205.3
5205.33
5205.37
5205.4
5205.43
5205.47
5205.5
5205.63
5205.7
5205.8
5205.97
5206.0
5206.1
5206.13
5206.17
5206.27
5206.33
5206.4
5206.5
5206.57
5206.63
5206.67
5206.73
5206.77
5206.8
5206.87
5206.9
5206.93
5206.97
5207.0
5207.07
5207.1
5207.13
5207.17
5207.23
5207.27
5207.3
5207.33
5207.37
5207.4
5207.43
5207.5
5207.6
5207.63
5207.73
5207.77
5207.87
5207.9
5207.93
5207.97
5208.0
5208.07
5208.1
5208.13
5208.17
5208.2
5208.23
5208.27
5208.3
5208.33
5208.37
5208.43
5208.5
5208.53
5208.57
5208.7
5208.83
5208.87
5209.0
5209.23
5209.3
5209.33
5209.37
5209.4
5209.43
5209.47
5209.5
5209.73
5209.77
5209.87
5209.9
5210.0
5210.2
5210.27
5210.3
5210.33
5210.37
5210.4
5210.43
5210.47
5210.5
5210.7
5210.73
5210.77
5210.87
5210.9
5210.93
5210.97
5211.0
5211.07
5211.1
5211.13
5211.17
5211.2
5211.27
5211.3
5211.33
5211.37
5211.4
5211.43
5211.47
5211.5
5211.57
5211.6
5211.63
5211.67
5211.7
5211.73
5211.77
5211.8
5211.83
5211.87
5211.9
5211.93
5211.97
5212.0
5212.1
5212.13
5212.17
5212.2
5212.23
5212.3
5212.33
5212.37
5212.4
5212.43
5212.47
5212.5
5212.57
5212.6
5212.63
5212.7
5212.77
5212.8
5212.83
5212.87
5212.9
5212.93
5212.97
5213.0
5213.1
5213.13
5213.17
5213.23
5213.37
5213.47
5213.5
5213.6
5213.7
5213.77
5213.8
5213.9
5214.0
5214.17
5214.2
5214.27
5214.4
5214.43
5214.5
5214.57
5214.63
5214.67
5214.7
5214.73
5214.77
5214.8
5214.83
5214.9
5215.0
5215.23
5215.27
5215.3
5215.33
5215.37
5215.4
5215.43
5215.47
5215.5
5215.6
5215.63
5215.67
5215.73
5215.77
5215.8
5215.83
5215.87
5215.9
5215.93
5215.97
5216.0
5216.07
5216.1
5216.17
5216.2
5216.23
5216.27
5216.3
5216.43
5216.47
5216.5
5216.63
5216.67
5216.7
5216.73
5216.8
5216.83
5216.87
5216.9
5216.93
5216.97
5217.0
5217.07
5217.1
5217.13
5217.2
5217.23
5217.27
5217.3
5217.33
5217.37
5217.4
5217.47
5217.5
5217.57
5217.6
5217.63
5217.67
5217.73
5217.8
5217.83
5217.87
5217.93
5217.97
5218.0
5218.1
5218.13
5218.17
5218.2
5218.37
5218.4
5218.43
5218.47
5218.5
5218.6
5218.63
5218.67
5218.7
5218.73
5218.8
5218.83
5218.87
5218.9
5218.93
5218.97
5219.0
5219.1
5219.13
5219.17
5219.2
5219.23
5219.27
5219.3
5219.33
5219.37
5219.4
5219.5
5219.67
5219.73
5219.77
5219.8
5219.9
5219.93
5219.97
5220.0
5220.1
5220.13
5220.17
5220.27
5220.3
5220.33
5220.37
5220.4
5220.5
5220.57
5220.6
5220.7
5220.73
5220.77
5220.8
5220.87
5220.9
5220.97
5221.0
5221.17
5221.2
5221.23
5221.27
5221.33
5221.37
5221.4
5221.43
5221.47
5221.5
5221.57
5221.6
5221.63
5221.67
5221.7
5221.73
5221.77
5221.8
5221.83
5221.87
5222.0
5222.07
5222.1
5222.13
5222.17
5222.23
5222.27
5222.3
5222.33
5222.37
5222.4
5222.43
5222.47
5222.5
5222.57
5222.6
5222.63
5222.67
5222.7
5222.73
5222.77
5222.8
5222.83
5222.87
5222.9
5222.93
5222.97
5223.0
5223.07
5223.1
5223.13
5223.17
5223.2
5223.23
5223.3
5223.33
5223.37
5223.4
5223.43
5223.47
5223.5
5223.57
5223.6
5223.63
5223.67
5223.7
5223.73
5223.77
5223.8
5223.83
5223.87
5223.9
5223.97
5224.0
5224.07
5224.1
5224.13
5224.17
5224.2
5224.23
5224.27
5224.3
5224.33
5224.37
5224.4
5224.43
5224.47
5224.5
5224.57
5224.6
5224.63
5224.67
5224.7
5224.73
5224.77
5224.8
5224.83
5224.87
5224.9
5224.93
5224.97
5225.0
5225.03
5225.07
5225.1
5225.13
5225.17
5225.2
5225.23
5225.27
5225.3
5225.33
5225.37
5225.4
5225.43
5225.47
5225.5
5225.57
5225.6
5225.63
5225.67
5225.77
5225.8
5225.83
5225.87
5225.97
5226.0
5226.07
5226.1
5226.13
5226.17
5226.2
5226.23
5226.27
5226.33
5226.37
5226.4
5226.43
5226.47
5226.5
5226.57
5226.6
5226.63
5226.67
5226.7
5226.73
5226.77
5226.8
5226.83
5226.87
5226.93
5226.97
5227.0
5227.07
5227.13
5227.17
5227.2
5227.23
5227.27
5227.3
5227.33
5227.37
5227.4
5227.43
5227.47
5227.5
5227.57
5227.6
5227.63
5227.67
5227.7
5227.73
5227.77
5227.8
5227.83
5227.87
5227.9
5227.97
5228.0
5228.07
5228.13
5228.17
5228.2
5228.23
5228.27
5228.33
5228.37
5228.4
5228.43
5228.47
5228.5
5228.57
5228.6
5228.63
5228.67
5228.73
5228.77
5228.8
5228.83
5228.87
5228.9
5228.93
5229.0
5229.07
5229.13
5229.17
5229.2
5229.23
5229.27
5229.3
5229.37
5229.4
5229.43
5229.47
5229.5
5229.6
5229.63
5229.67
5229.8
5229.83
5229.87
5229.9
5230.0
5230.1
5230.13
5230.17
5230.2
5230.23
5230.3
5230.33
5230.37
5230.47
5230.5
5230.63
5230.77
5230.8
5230.87
5230.93
5231.0
5231.07
5231.1
5231.2
5231.23
5231.27
5231.43
5231.47
5231.5
5231.53
5231.63
5231.67
5231.83
5231.9
5232.0
5232.5
5232.63
5232.67
5232.7
5232.73
5232.77
5232.8
5232.83
5232.87
5232.9
5232.97
5233.0
5233.33
5233.37
5233.43
5233.47
5233.5
5233.6
5233.63
5233.67
5233.77
5233.8
5233.83
5233.87
5234.0
5234.07
5234.1
5234.13
5234.17
5234.2
5234.23
5234.27
5234.3
5234.47
5234.5
5234.6
5234.63
5234.67
5234.7
5234.73
5234.8
5234.83
5234.87
5234.9
5234.93
5235.0
5235.07
5235.1
5235.13
5235.17
5235.2
5235.23
5235.27
5235.3
5235.33
5235.37
5235.4
5235.5
5235.63
5235.67
5235.7
5235.8
5235.83
5235.9
5236.0
5236.1
5236.2
5236.23
5236.27
5236.3
5236.5
5236.57
5236.63
5236.67
5236.7
5236.73
5236.77
5236.8
5236.83
5236.87
5236.93
5237.0
5237.07
5237.2
5237.5
5237.9
5238.0
5238.5
5238.6
5238.63
5238.67
5238.7
5238.73
5238.77
5238.8
5238.83
5238.87
5238.97
5239.0
5239.07
5239.17
5239.2
5239.23
5239.27
5239.33
5239.37
5239.4
5239.43
5239.5
5239.6
5239.63
5239.67
5239.7
5239.73
5239.77
5239.8
5239.83
5239.87
5240.0
5240.4
5240.43
5240.5
5240.67
5240.83
5240.93
5240.97
5241.0
5241.1
5241.17
5241.23
5241.27
5241.3
5241.37
5241.5
5241.7
5241.73
5241.77
5241.87
5241.93
5241.97
5242.0
5242.07
5242.1
5242.13
5242.17
5242.27
5242.3
5242.33
5242.37
5242.47
5242.5
5242.57
5242.6
5242.67
5242.7
5242.73
5242.77
5242.8
5242.83
5242.87
5242.9
5242.93
5242.97
5243.0
5243.07
5243.1
5243.13
5243.17
5243.2
5243.23
5243.27
5243.33
5243.37
5243.4
5243.43
5243.47
5243.5
5243.57
5243.6
5243.63
5243.67
5243.7
5243.77
5243.8
5243.83
5243.87
5243.9
5243.93
5243.97
5244.0
5244.03
5244.07
5244.1
5244.13
5244.17
5244.2
5244.23
5244.27
5244.3
5244.33
5244.37
5244.4
5244.43
5244.47
5244.5
5244.57
5244.6
5244.63
5244.67
5244.7
5244.73
5244.77
5244.8
5244.83
5244.87
5244.9
5244.93
5244.97
5245.0
5245.03
5245.07
5245.1
5245.13
5245.17
5245.2
5245.23
5245.27
5245.3
5245.33
5245.37
5245.4
5245.43
5245.47
5245.5
5245.6
5245.63
5245.67
5245.7
5245.73
5245.77
5245.8
5245.83
5245.87
5245.9
5245.93
5245.97
5246.0
5246.03
5246.07
5246.1
5246.13
5246.17
5246.2
5246.23
5246.27
5246.3
5246.33
5246.37
5246.4
5246.43
5246.47
5246.5
5246.57
5246.6
5246.63
5246.67
5246.7
5246.73
5246.77
5246.8
5246.83
5246.87
5246.9
5246.93
5246.97
5247.0
5247.1
5247.13
5247.17
5247.2
5247.23
5247.27
5247.3
5247.33
5247.37
5247.4
5247.43
5247.47
5247.5
5247.57
5247.6
5247.63
5247.67
5247.7
5247.73
5247.8
5247.87
5247.93
5247.97
5248.0
5248.07
5248.1
5248.13
5248.17
5248.23
5248.27
5248.3
5248.33
5248.37
5248.4
5248.43
5248.5
5248.57
5248.6
5248.67
5248.7
5248.73
5248.77
5248.8
5248.83
5248.87
5248.9
5248.93
5248.97
5249.0
5249.07
5249.1
5249.13
5249.17
5249.23
5249.27
5249.3
5249.33
5249.37
5249.4
5249.43
5249.47
5249.5
5249.53
5249.57
5249.6
5249.63
5249.67
5249.7
5249.73
5249.77
5249.8
5249.83
5249.87
5249.9
5249.93
5249.97
5250.0
5250.07
5250.1
5250.13
5250.17
5250.2
5250.23
5250.27
5250.3
5250.33
5250.37
5250.4
5250.43
5250.5
5250.53
5250.57
5250.6
5250.63
5250.67
5250.7
5250.73
5250.77
5250.8
5250.83
5250.9
5250.93
5250.97
5251.0
5251.1
5251.13
5251.17
5251.2
5251.23
5251.3
5251.33
5251.37
5251.4
5251.43
5251.47
5251.5
5251.57
5251.6
5251.63
5251.7
5251.73
5251.77
5251.8
5251.83
5251.87
5251.93
5251.97
5252.0
5252.07
5252.1
5252.13
5252.17
5252.2
5252.23
5252.27
5252.3
5252.33
5252.37
5252.4
5252.43
5252.47
5252.5
5252.57
5252.6
5252.63
5252.67
5252.7
5252.73
5252.77
5252.8
5252.83
5252.87
5252.9
5252.93
5252.97
5253.0
5253.07
5253.1
5253.13
5253.17
5253.2
5253.23
5253.27
5253.3
5253.33
5253.37
5253.4
5253.43
5253.47
5253.5
5253.6
5253.63
5253.67
5253.7
5253.73
5253.77
5253.8
5253.83
5253.87
5253.9
5253.93
5253.97
5254.0
5254.03
5254.1
5254.17
5254.2
5254.23
5254.27
5254.3
5254.33
5254.37
5254.4
5254.43
5254.47
5254.5
5254.63
5254.67
5254.7
5254.73
5254.77
5254.8
5254.83
5254.87
5254.9
5254.93
5255.0
5255.1
5255.17
5255.23
5255.3
5255.33
5255.37
5255.4
5255.43
5255.5
5255.53
5255.57
5255.6
5255.63
5255.67
5255.7
5255.73
5255.77
5255.8
5255.83
5255.87
5255.9
5255.93
5255.97
5256.0
5256.13
5256.17
5256.2
5256.23
5256.27
5256.3
5256.43
5256.47
5256.5
5256.57
5256.6
5256.63
5256.67
5256.7
5256.73
5256.77
5256.8
5256.83
5256.87
5256.9
5256.93
5256.97
5257.0
5257.07
5257.1
5257.13
5257.17
5257.2
5257.23
5257.27
5257.3
5257.33
5257.37
5257.4
5257.43
5257.47
5257.5
5257.53
5257.57
5257.6
5257.63
5257.67
5257.7
5257.77
5257.8
5257.83
5257.87
5257.9
5257.93
5257.97
5258.0
5258.07
5258.1
5258.13
5258.17
5258.2
5258.23
5258.27
5258.3
5258.33
5258.37
5258.4
5258.43
5258.47
5258.5
5258.63
5258.67
5258.7
5258.73
5258.77
5258.83
5258.87
5258.9
5258.93
5258.97
5259.0
5259.07
5259.1
5259.13
5259.23
5259.27
5259.3
5259.33
5259.37
5259.4
5259.43
5259.47
5259.5
5259.63
5259.67
5259.7
5259.73
5259.77
5259.83
5259.87
5259.9
5259.93
5259.97
5260.0
5260.07
5260.1
5260.13
5260.17
5260.2
5260.23
5260.27
5260.3
5260.33
5260.37
5260.4
5260.47
5260.5
5260.63
5260.67
5260.7
5260.73
5260.77
5260.8
5260.83
5260.87
5260.9
5260.93
5260.97
5261.0
5261.07
5261.1
5261.2
5261.23
5261.27
5261.3
5261.33
5261.43
5261.47
5261.5
5261.67
5261.7
5261.73
5261.77
5261.8
5261.83
5261.87
5261.9
5261.93
5261.97
5262.0
5262.07
5262.1
5262.13
5262.17
5262.2
5262.23
5262.27
5262.3
5262.33
5262.47
5262.5
5262.53
5262.63
5262.67
5262.7
5262.73
5262.77
5262.8
5262.83
5262.87
5262.9
5262.93
5262.97
5263.0
5263.07
5263.1
5263.13
5263.2
5263.23
5263.27
5263.3
5263.33
5263.4
5263.43
5263.47
5263.5
5263.67
5263.7
5263.73
5263.77
5263.8
5263.83
5263.87
5263.9
5263.93
5263.97
5264.0
5264.03
5264.07
5264.1
5264.13
5264.17
5264.2
5264.23
5264.27
5264.3
5264.33
5264.37
5264.4
5264.5
5264.57
5264.67
5264.7
5264.73
5264.77
5264.8
5264.9
5264.93
5264.97
5265.0
5265.13
5265.17
5265.23
5265.27
5265.3
5265.33
5265.37
5265.4
5265.43
5265.5
5265.6
5265.67
5265.7
5265.77
5265.8
5265.9
5265.97
5266.0
5266.13
5266.17
5266.2
5266.23
5266.27
5266.3
5266.33
5266.37
5266.4
5266.5
5266.63
5266.67
5266.7
5266.73
5266.83
5266.87
5266.93
5266.97
5267.0
5267.17
5267.2
5267.27
5267.3
5267.33
5267.37
5267.4
5267.5
5267.87
5267.9
5268.0
5268.3
5268.47
5268.5
5268.63
5268.67
5268.7
5268.73
5268.8
5268.83
5268.87
5268.9
5268.93
5268.97
5269.0
5269.07
5269.1
5269.13
5269.17
5269.2
5269.23
5269.27
5269.3
5269.33
5269.37
5269.4
5269.47
5269.5
5269.6
5269.63
5269.67
5269.7
5269.73
5269.77
5269.8
5269.83
5269.87
5269.9
5269.93
5269.97
5270.0
5270.07
5270.1
5270.13
5270.17
5270.2
5270.23
5270.27
5270.3
5270.33
5270.37
5270.4
5270.47
5270.5
5270.57
5270.6
5270.63
5270.67
5270.7
5270.73
5270.77
5270.8
5270.83
5270.87
5270.9
5270.93
5270.97
5271.0
5271.03
5271.1
5271.13
5271.17
5271.2
5271.23
5271.3
5271.33
5271.37
5271.4
5271.43
5271.47
5271.5
5271.57
5271.6
5271.63
5271.67
5271.7
5271.73
5271.77
5271.8
5271.83
5271.87
5271.9
5271.93
5271.97
5272.0
5272.07
5272.1
5272.13
5272.2
5272.23
5272.27
5272.3
5272.33
5272.37
5272.4
5272.43
5272.47
5272.5
5272.67
5272.7
5272.73
5272.77
5272.8
5272.83
5272.87
5272.9
5272.93
5273.0
5273.03
5273.07
5273.1
5273.13
5273.17
5273.2
5273.23
5273.27
5273.3
5273.33
5273.37
5273.4
5273.43
5273.5
5273.6
5273.67
5273.7
5273.73
5273.77
5273.8
5273.83
5273.93
5273.97
5274.0
5274.17
5274.2
5274.23
5274.3
5274.33
5274.37
5274.4
5274.43
5274.47
5274.5
5274.6
5274.63
5274.67
5274.7
5274.73
5274.77
5274.8
5274.83
5274.87
5274.9
5274.93
5274.97
5275.0
5275.03
5275.1
5275.13
5275.17
5275.2
5275.47
5275.5
5275.67
5275.7
5275.73
5275.77
5275.8
5275.9
5275.93
5275.97
5276.0
5276.07
5276.1
5276.13
5276.17
5276.2
5276.27
5276.3
5276.33
5276.37
5276.4
5276.47
5276.5
5276.6
5276.63
5276.73
5276.77
5276.8
5276.83
5276.87
5276.9
5276.93
5276.97
5277.0
5277.1
5277.13
5277.17
5277.2
5277.23
5277.27
5277.33
5277.37
5277.4
5277.43
5277.47
5277.5
5277.57
5277.6
5277.63
5277.67
5277.73
5277.77
5277.8
5277.83
5277.87
5277.9
5277.97
5278.0
5278.07
5278.1
5278.17
5278.2
5278.23
5278.27
5278.3
5278.33
5278.4
5278.43
5278.47
5278.5
5278.6
5278.63
5278.67
5278.7
5278.73
5278.77
5278.8
5278.83
5278.87
5278.9
5278.93
5278.97
5279.0
5279.07
5279.1
5279.13
5279.17
5279.23
5279.27
5279.3
5279.33
5279.37
5279.4
5279.43
5279.47
5279.5
5279.57
5279.6
5279.63
5279.77
5279.8
5279.83
5279.87
5280.0
5280.07
5280.1
5280.33
5280.5
5280.6
5280.67
5280.7
5280.8
5280.83
5281.0
5281.3
5281.37
5281.5
5281.73
5281.77
5282.0
5282.17
5282.2
5282.23
5282.27
5282.33
5282.37
5282.4
5282.43
5282.47
5282.5
5282.6
5282.63
5282.67
5282.7
5282.73
5282.77
5282.8
5282.83
5282.87
5282.9
5283.0
5283.1
5283.2
5283.27
5283.3
5283.4
5283.47
5283.5
5283.63
5283.67
5283.7
5283.77
5283.8
5283.83
5283.87
5283.9
5284.0
5284.07
5284.1
5284.13
5284.17
5284.2
5284.23
5284.27
5284.3
5284.33
5284.43
5284.5
5284.53
5284.57
5284.63
5284.7
5284.77
5284.9
5285.0
5285.13
5285.17
5285.2
5285.33
5285.37
5285.4
5285.43
5285.47
5285.5
5285.53
5285.57
5286.0
5286.17
5286.27
5286.37
5286.47
5286.5
5286.63
5286.67
5286.7
5286.73
5286.77
5286.8
5286.97
5287.0
5287.13
5287.17
5287.2
5287.33
5287.37
5287.4
5287.43
5287.47
5287.5
5287.6
5287.67
5287.7
5287.77
5287.8
5287.83
5287.87
5287.9
5288.0
5288.13
5288.17
5288.2
5288.23
5288.27
5288.3
5288.33
5288.37
5288.4
5288.43
5288.47
5288.5
5288.6
5288.63
5288.67
5288.73
5288.8
5288.83
5288.87
5288.9
5288.97
5289.0
5289.07
5289.1
5289.13
5289.2
5289.23
5289.27
5289.33
5289.4
5289.47
5289.5
5289.73
5289.77
5289.8
5289.83
5289.87
5289.9
5289.93
5289.97
5290.0
5290.1
5290.13
5290.17
5290.23
5290.27
5290.3
5290.33
5290.37
5290.4
5290.43
5290.47
5290.5
5290.6
5290.77
5291.0
5291.2
5291.23
5291.27
5291.4
5291.47
5291.5
5291.6
5291.63
5291.67
5291.83
5291.87
5291.9
5291.93
5292.0
5292.4
5292.43
5292.5
5292.7
5292.93
5292.97
5293.0
5293.17
5293.2
5293.33
5293.47
5293.5
5293.63
5293.67
5293.73
5293.77
5294.0
5294.27
5294.3
5294.4
5294.5
5294.63
5294.67
5294.7
5294.77
5294.8
5294.83
5294.87
5294.9
5294.93
5295.0
5295.1
5295.13
5295.23
5295.27
5295.3
5295.5
5295.7
5295.73
5295.8
5295.87
5295.9
5295.93
5296.0
5296.1
5296.13
5296.17
5296.3
5296.33
5296.37
5296.5
5297.0
5297.17
5297.3
5297.33
5297.37
5297.4
5297.43
5297.47
5297.5
5297.57
5297.67
5297.7
5298.0
5298.1
5298.13
5298.33
5298.4
5298.5
5298.6
5298.7
5298.73
5298.8
5299.0
5299.13
5299.23
5299.27
5299.47
5299.5
5299.63
5299.67
5299.73
5299.87
5300.0
5300.3
5300.33
5300.37
5300.5
5300.57
5300.8
5300.83
5300.87
5301.0
5301.1
5301.5
5301.57
5301.6
5302.0
5302.13
5302.17
5302.33
5302.37
5302.4
5302.5
5302.73
5302.77
5302.87
5302.9
5303.0
5303.13
5303.17
5303.23
5303.4
5303.5
5303.63
5303.67
5303.77
5303.83
5304.0
5304.5
5305.0
5305.2
5305.5
5306.0
5306.3
5306.33
5306.5
5306.57
5306.7
5306.97
5307.0
5307.17
5307.2
5307.5
5307.63
5307.67
5307.7
5308.0
5308.5
5309.0
5309.5
5310.0
5310.17
5310.2
5310.4
5310.5
5310.63
5310.67
5310.7
5310.73
5310.77
5310.8
5310.83
5310.87
5310.9
5310.93
5311.0
5311.5
5311.63
5311.67
5311.7
5311.8
5312.0
5312.3
5312.4
5312.43
5312.47
5312.5
5312.6
5312.63
5312.73
5312.77
5312.8
5312.87
5312.9
5312.93
5313.0
5313.03
5313.07
5313.3
5313.33
5313.47
5313.5
5313.83
5313.97
5314.0
5314.27
5314.3
5314.37
5314.47
5314.5
5314.83
5315.0
5315.1
5315.13
5315.33
5315.5
5315.7
5315.73
5316.0
5316.27
5316.3
5316.43
5316.5
5316.87
5317.0
5317.2
5317.5
5317.93
5318.0
5318.13
5318.17
5318.2
5318.3
5318.33
5318.4
5318.43
5318.5
5319.0
5319.13
5319.17
5319.2
5319.27
5319.3
5319.33
5319.37
5319.4
5319.5
5319.6
5319.7
5319.83
5320.0
5320.5
5320.87
5320.93
5320.97
5321.0
5321.5
5322.0
5322.5
5323.0
5323.37
5323.4
5323.5
5324.0
5324.23
5324.37
5324.47
5324.5
5324.63
5324.93
5324.97
5325.0
5325.43
5325.5
5325.63
5325.67
5325.83
5325.87
5325.97
5326.0
5326.17
5326.5
5326.6
5327.0
5327.47
5327.5
5327.83
5328.0
5328.5
5328.83
5328.97
5329.0
5329.37
5329.5
5329.57
5329.6
5329.83
5330.0
5330.13
5330.17
5330.3
5330.5
5330.6
5331.0
5331.1
5331.13
5331.17
5331.3
5331.37
5331.5
5331.93
5332.0
5332.07
5332.1
5332.23
5332.27
5332.43
5332.5
5332.97
5333.0
5333.33
5333.37
5333.43
5333.5
5333.87
5333.97
5334.0
5334.07
5334.2
5334.33
5334.5
5334.67
5334.73
5334.97
5335.0
5335.2
5335.3
5335.33
5335.4
5335.5
5335.93
5336.0
5336.2
5336.47
5336.5
5336.9
5336.97
5337.0
5337.5
5338.0
5338.17
5338.37
5338.5
5338.7
5339.0
5339.07
5339.5
5340.0
5340.23
5340.5
5340.7
5340.73
5340.8
5340.83
5340.87
5341.0
5341.33
5341.5
5341.67
5341.93
5342.0
5342.13
5342.5
5343.0
5343.03
5343.07
5343.5
5344.0
5344.47
5344.5
5344.6
5344.73
5344.83
5345.0
5345.4
5345.5
5345.97
5346.0
5346.5
5346.77
5346.8
5347.0
5347.13
5347.17
5347.23
5347.47
5347.5
5347.9
5347.93
5348.0
5348.43
5348.47
5348.5
5348.77
5348.8
5349.0
5349.27
5349.3
5349.5
5349.7
5349.73
5349.8
5350.0
5350.07
5350.47
5350.5
5350.57
5350.63
5350.73
5350.77
5350.87
5350.9
5351.0
5351.13
5351.3
5351.43
5351.5
5351.53
5351.57
5351.67
5351.7
5351.77
5351.93
5351.97
5352.0
5352.2
5352.23
5352.37
5352.5
5352.87
5352.9
5353.0
5353.07
5353.1
5353.13
5353.17
5353.2
5353.23
5353.27
5353.5
5353.57
5353.6
5353.67
5353.7
5353.97
5354.0
5354.3
5354.33
5354.43
5354.5
5354.57
5354.67
5354.7
5355.0
5355.5
5355.57
5355.6
5355.7
5355.73
5355.77
5355.87
5355.9
5356.0
5356.07
5356.17
5356.23
5356.3
5356.33
5356.5
5356.67
5356.97
5357.0
5357.43
5357.5
5357.87
5358.0
5358.2
5358.3
5358.33
5358.4
5358.47
5358.5
5358.7
5358.87
5358.9
5359.0
5359.13
5359.33
5359.4
5359.5
5359.67
5359.73
5359.8
5359.83
5360.0
5360.13
5360.5
5360.83
5360.93
5361.0
5361.5
5361.83
5362.0
5362.13
5362.2
5362.27
5362.5
5362.77
5362.87
5362.9
5362.97
5363.0
5363.5
5364.0
5364.37
5364.43
5364.5
5364.93
5365.0
5365.17
5365.5
5366.0
5366.07
5366.33
5366.43
5366.5
5366.67
5367.0
5367.5
5368.0
5368.43
5368.47
5368.5
5368.87
5369.0
5369.37
5369.5
5370.0
5370.5
5370.67
5371.0
5371.5
5371.77
5371.8
5372.0
5372.5
5372.63
5373.0
5373.5
5374.0
5374.13
5374.4
5374.5
5374.7
5374.93
5375.0
5375.1
5375.13
5375.2
5375.4
5375.43
5375.47
5375.5
5375.8
5375.87
5375.9
5376.0
5376.13
5376.2
5376.23
5376.27
5376.3
5376.47
5376.5
5376.77
5376.83
5377.0
5377.17
5377.47
5377.5
5377.77
5377.87
5378.0
5378.1
5378.13
5378.43
5378.47
5378.5
5378.73
5378.77
5378.8
5378.83
5378.87
5379.0
5379.5
5379.63
5379.67
5379.8
5380.0
5380.5
5380.63
5380.77
5380.9
5381.0
5381.4
5381.5
5381.67
5381.93
5381.97
5382.0
5382.07
5382.5
5383.0
5383.5
5383.6
5383.63
5383.7
5383.73
5383.93
5383.97
5384.0
5384.1
5384.13
5384.23
5384.27
5384.4
5384.47
5384.5
5385.0
5385.1
5385.13
5385.17
5385.23
5385.27
5385.3
5385.37
5385.4
5385.43
5385.5
5386.0
5386.17
5386.2
5386.43
5386.5
5387.0
5387.1
5387.23
5387.5
5388.0
5388.1
5388.17
5388.2
5388.23
5388.3
5388.5
5388.7
5389.0
5389.5
5390.0
5390.5
5390.57
5390.8
5390.83
5391.0
5391.2
5391.27
5391.33
5391.43
5391.47
5391.5
5391.63
5391.67
5391.73
5391.77
5391.8
5391.83
5392.0
5392.23
5392.3
5392.4
5392.43
5392.5
5392.6
5392.63
5392.67
5392.7
5392.73
5392.77
5392.8
5392.83
5392.87
5392.9
5393.0
5393.27
5393.3
5393.33
5393.4
5393.47
5393.5
5393.63
5393.73
5393.9
5393.97
5394.0
5394.33
5394.37
5394.4
5394.43
5394.47
5394.5
5394.63
5394.73
5394.83
5394.93
5394.97
5395.0
5395.23
5395.27
5395.33
5395.37
5395.43
5395.47
5395.5
5395.63
5395.67
5395.7
5395.77
5395.8
5395.83
5395.9
5395.93
5396.0
5396.07
5396.13
5396.17
5396.23
5396.27
5396.33
5396.37
5396.43
5396.47
5396.5
5396.6
5396.63
5396.67
5396.77
5396.8
5396.83
5396.87
5396.9
5396.93
5397.0
5397.07
5397.1
5397.13
5397.2
5397.23
5397.27
5397.33
5397.37
5397.4
5397.47
5397.5
5397.7
5397.77
5397.83
5397.87
5397.9
5397.93
5397.97
5398.0
5398.07
5398.1
5398.13
5398.17
5398.2
5398.23
5398.27
5398.3
5398.33
5398.37
5398.4
5398.47
5398.5
5398.53
5398.57
5398.67
5398.7
5398.73
5398.77
5398.83
5398.87
5398.9
5398.93
5398.97
5399.0
5399.1
5399.13
5399.17
5399.2
5399.23
5399.27
5399.3
5399.33
5399.37
5399.4
5399.5
5399.53
5399.57
5399.6
5399.63
5399.77
5399.8
5399.93
5399.97
5400.0
5400.13
5400.17
5400.2
5400.23
5400.27
5400.3
5400.33
5400.37
5400.4
5400.43
5400.47
5400.5
5400.57
5400.6
5400.63
5400.67
5400.7
5400.73
5400.77
5400.8
5400.83
5400.87
5400.93
5400.97
5401.0
5401.2
5401.27
5401.3
5401.33
5401.37
5401.4
5401.43
5401.47
5401.5
5401.6
5401.63
5401.67
5401.7
5401.73
5401.77
5401.8
5401.83
5401.9
5401.97
5402.0
5402.17
5402.2
5402.3
5402.33
5402.37
5402.4
5402.43
5402.47
5402.5
5402.57
5402.6
5402.63
5402.7
5402.73
5402.77
5402.8
5402.83
5402.87
5402.97
5403.0
5403.17
5403.2
5403.23
5403.33
5403.4
5403.43
5403.47
5403.5
5403.63
5403.67
5403.7
5403.77
5403.87
5403.97
5404.0
5404.07
5404.1
5404.13
5404.17
5404.2
5404.27
5404.33
5404.37
5404.4
5404.43
5404.47
5404.5
5404.6
5404.77
5404.83
5404.93
5405.0
5405.13
5405.17
5405.2
5405.3
5405.33
5405.37
5405.4
5405.43
5405.5
5405.53
5405.57
5405.6
5405.63
5405.67
5405.7
5405.73
5405.77
5405.83
5405.87
5405.9
5405.97
5406.0
5406.13
5406.17
5406.2
5406.27
5406.3
5406.33
5406.37
5406.4
5406.43
5406.47
5406.5
5406.57
5406.6
5406.7
5406.73
5406.77
5406.83
5406.9
5406.93
5406.97
5407.0
5407.17
5407.2
5407.23
5407.27
5407.3
5407.33
5407.37
5407.4
5407.43
5407.5
5407.57
5407.63
5407.83
5407.87
5407.9
5408.0
5408.03
5408.07
5408.17
5408.23
5408.27
5408.37
5408.5
5408.57
5408.73
5408.77
5408.8
5408.87
5408.97
5409.0
5409.13
5409.2
5409.33
5409.37
5409.5
5409.6
5409.63
5409.8
5410.0
5410.5
5410.83
5410.97
5411.0
5411.2
5411.23
5411.4
5411.47
5411.5
5411.57
5411.6
5412.0
5412.23
5412.27
5412.33
5412.37
5412.4
5412.5
5412.6
5412.63
5412.67
5412.73
5412.77
5412.83
5412.87
5413.0
5413.07
5413.3
5413.37
5413.47
5413.5
5413.63
5413.67
5413.7
5413.73
5413.77
5413.8
5413.83
5413.87
5413.9
5413.93
5414.0
5414.13
5414.17
5414.27
5414.33
5414.4
5414.47
5414.5
5414.63
5414.67
5414.7
5414.73
5414.77
5414.8
5414.83
5414.9
5414.93
5414.97
5415.0
5415.1
5415.13
5415.4
5415.43
5415.47
5415.5
5415.57
5415.6
5415.63
5415.67
5415.73
5415.77
5415.83
5415.9
5415.97
5416.0
5416.17
5416.2
5416.23
5416.27
5416.5
5416.67
5416.7
5416.73
5416.9
5416.97
5417.0
5417.2
5417.23
5417.27
5417.33
5417.43
5417.47
5417.5
5417.6
5417.67
5417.73
5417.77
5417.8
5417.9
5417.93
5417.97
5418.0
5418.1
5418.2
5418.23
5418.27
5418.33
5418.4
5418.43
5418.5
5418.63
5418.67
5418.7
5418.73
5418.77
5418.8
5418.83
5418.87
5418.9
5419.0
5419.03
5419.07
5419.1
5419.13
5419.17
5419.2
5419.23
5419.27
5419.3
5419.37
5419.47
5419.5
5419.63
5419.67
5419.7
5419.73
5419.77
5419.8
5419.83
5419.87
5419.9
5419.93
5420.0
5420.07
5420.13
5420.27
5420.37
5420.4
5420.43
5420.47
5420.5
5420.67
5420.7
5420.73
5420.77
5420.83
5420.87
5420.93
5421.0
5421.23
5421.27
5421.5
5421.77
5421.93
5422.0
5422.23
5422.27
5422.33
5422.37
5422.4
5422.5
5422.57
5422.63
5423.0
5423.13
5423.17
5423.23
5423.33
5423.4
5423.43
5423.5
5423.63
5423.67
5423.8
5423.9
5423.93
5424.0
5424.13
5424.17
5424.2
5424.3
5424.37
5424.4
5424.43
5424.5
5424.7
5424.73
5424.83
5424.9
5424.93
5425.0
5425.13
5425.17
5425.2
5425.4
5425.5
5425.6
5425.67
5425.77
5425.9
5425.97
5426.0
5426.17
5426.2
5426.27
5426.3
5426.37
5426.4
5426.43
5426.5
5426.6
5426.67
5426.97
5427.0
5427.23
5427.4
5427.47
5427.5
5427.57
5427.6
5427.7
5427.73
5427.77
5427.83
5427.87
5428.0
5428.23
5428.33
5428.5
5428.67
5428.7
5428.77
5428.8
5429.0
5429.4
5429.5
5429.63
5429.8
5430.0
5430.27
5430.5
5431.0
5431.5
5431.53
5431.57
5431.6
5432.0
5432.5
5433.0
5433.5
5434.0
5434.5
5434.7
5435.0
5435.5
5435.6
5435.7
5435.83
5435.87
5436.0
5436.5
5436.87
5437.0
5437.5
5437.53
5437.63
5437.67
5438.0
5438.3
5438.5
5439.0
5439.2
5439.5
5439.67
5439.9
5439.93
5440.0
5440.07
5440.1
5440.2
5440.5
5441.0
5441.1
5441.3
5441.5
5441.53
5441.87
5442.0
5442.23
5442.37
5442.4
5442.5
5442.57
5442.67
5442.77
5442.8
5442.87
5442.9
5442.93
5443.0
5443.27
5443.5
5443.87
5443.9
5444.0
5444.4
5444.5
5444.63
5444.7
5444.73
5445.0
5445.13
5445.23
5445.4
5445.5
5445.63
5445.77
5445.83
5446.0
5446.27
5446.37
5446.4
5446.5
5446.67
5446.7
5447.0
5447.13
5447.5
5447.6
5447.63
5447.7
5447.73
5447.87
5448.0
5448.03
5448.07
5448.33
5448.5
5448.67
5448.73
5448.8
5448.9
5448.93
5449.0
5449.3
5449.4
5449.47
5449.5
5449.83
5450.0
5450.33
5450.37
5450.4
5450.47
5450.5
5451.0
5451.1
5451.13
5451.27
5451.33
5451.5
5451.67
5452.0
5452.17
5452.5
5452.63
5452.67
5452.7
5452.97
5453.0
5453.5
5453.63
5453.77
5453.83
5453.93
5454.0
5454.2
5454.47
5454.5
5455.0
5455.4
5455.5
5455.6
5456.0
5456.17
5456.23
5456.27
5456.33
5456.37
5456.4
5456.5
5457.0
5457.17
5457.2
5457.47
5457.5
5457.8
5458.0
5458.03
5458.13
5458.17
5458.27
5458.5
5458.57
5458.63
5458.73
5458.77
5459.0
5459.5
5459.63
5459.8
5460.0
5460.43
5460.5
5461.0
5461.5
5461.77
5461.87
5461.9
5461.93
5462.0
5462.13
5462.2
5462.23
5462.37
5462.4
5462.5
5462.77
5462.8
5462.83
5462.9
5463.0
5463.03
5463.07
5463.13
5463.17
5463.3
5463.47
5463.5
5463.63
5463.67
5463.7
5463.73
5463.77
5463.87
5464.0
5464.13
5464.17
5464.23
5464.37
5464.43
5464.5
5464.7
5464.87
5464.9
5465.0
5465.23
5465.33
5465.4
5465.5
5465.77
5465.8
5465.87
5466.0
5466.17
5466.2
5466.37
5466.5
5466.7
5467.0
5467.17
5467.2
5467.33
5467.37
5467.5
5468.0
5468.5
5468.8
5468.9
5469.0
5469.1
5469.17
5469.2
5469.23
5469.5
5469.6
5470.0
5470.13
5470.27
5470.3
5470.5
5471.0
5471.07
5471.5
5471.57
5471.73
5471.8
5471.87
5471.9
5472.0
5472.1
5472.13
5472.4
5472.5
5473.0
5473.3
5473.5
5473.63
5473.77
5473.8
5473.87
5474.0
5474.37
5474.4
5474.47
5474.5
5474.6
5474.63
5474.67
5474.7
5474.73
5474.77
5474.8
5474.87
5474.9
5475.0
5475.03
5475.07
5475.1
5475.13
5475.17
5475.3
5475.5
5475.87
5475.97
5476.0
5476.07
5476.1
5476.2
5476.23
5476.27
5476.33
5476.5
5476.63
5476.77
5476.8
5476.87
5476.9
5477.0
5477.07
5477.3
5477.5
5477.57
5477.83
5477.87
5477.9
5477.93
5478.0
5478.1
5478.13
5478.17
5478.2
5478.27
5478.3
5478.4
5478.5
5478.7
5478.8
5478.9
5479.0
5479.47
5479.5
5479.93
5479.97
5480.0
5480.07
5480.1
5480.17
5480.2
5480.3
5480.33
5480.47
5480.5
5480.63
5480.9
5480.93
5480.97
5481.0
5481.17
5481.2
5481.4
5481.5
5481.73
5481.93
5482.0
5482.07
5482.23
5482.4
5482.5
5482.73
5482.93
5482.97
5483.0
5483.03
5483.23
5483.5
5483.6
5483.67
5483.73
5483.77
5483.9
5484.0
5484.23
5484.33
5484.37
5484.4
5484.5
5484.53
5484.7
5484.8
5484.9
5485.0
5485.1
5485.13
5485.17
5485.2
5485.23
5485.33
5485.5
5485.63
5485.67
5485.8
5485.97
5486.0
5486.07
5486.1
5486.17
5486.2
5486.23
5486.5
5486.73
5486.77
5486.83
5486.93
5487.0
5487.23
5487.33
5487.37
5487.47
5487.5
5487.63
5487.67
5487.87
5488.0
5488.37
5488.4
5488.5
5488.6
5488.63
5488.67
5488.7
5488.73
5488.77
5488.9
5489.0
5489.1
5489.17
5489.2
5489.27
5489.3
5489.37
5489.43
5489.47
5489.5
5489.57
5489.6
5489.63
5489.7
5489.8
5489.83
5489.93
5489.97
5490.0
5490.1
5490.2
5490.33
5490.4
5490.47
5490.5
5490.63
5490.77
5490.83
5490.93
5491.0
5491.1
5491.27
5491.33
5491.4
5491.43
5491.5
5491.83
5491.87
5492.0
5492.1
5492.5
5492.6
5492.8
5492.83
5492.9
5492.93
5492.97
5493.0
5493.13
5493.2
5493.27
5493.33
5493.37
5493.4
5493.47
5493.5
5493.73
5493.77
5493.87
5494.0
5494.03
5494.07
5494.1
5494.3
5494.33
5494.37
5494.4
5494.5
5494.53
5494.57
5494.7
5494.77
5494.83
5494.87
5494.9
5494.97
5495.0
5495.17
5495.2
5495.23
5495.3
5495.33
5495.4
5495.5
5495.63
5495.8
5495.93
5495.97
5496.0
5496.07
5496.37
5496.4
5496.47
5496.5
5496.6
5496.63
5496.73
5496.83
5496.9
5496.93
5497.0
5497.13
5497.23
5497.27
5497.3
5497.33
5497.37
5497.47
5497.5
5497.57
5497.6
5497.73
5497.77
5497.8
5498.0
5498.13
5498.4
5498.5
5498.67
5499.0
5499.17
5499.2
5499.33
5499.5
5499.53
5499.57
5499.6
5499.63
5499.67
5499.7
5499.8
5499.83
5499.87
5499.9
5499.93
5500.0
5500.17
5500.2
5500.3
5500.33
5500.5
5500.57
5500.6
5500.63
5500.67
5500.7
5500.73
5500.93
5500.97
5501.0
5501.03
5501.13
5501.33
5501.37
5501.4
5501.43
5501.47
5501.5
5501.57
5501.73
5501.8
5501.93
5502.0
5502.4
5502.43
5502.5
5502.83
5502.87
5503.0
5503.1
5503.2
5503.23
5503.33
5503.47
5503.5
5503.57
5503.6
5504.0
5504.27
5504.3
5504.33
5504.37
5504.4
5504.43
5504.47
5504.5
5504.6
5504.63
5504.7
5504.73
5504.8
5504.87
5504.93
5504.97
5505.0
5505.13
5505.2
5505.23
5505.27
5505.33
5505.43
5505.47
5505.5
5505.6
5505.7
5505.73
5505.77
5505.8
5505.83
5505.9
5506.0
5506.07
5506.1
5506.17
5506.2
5506.37
5506.43
5506.5
5506.6
5506.63
5506.67
5506.73
5506.8
5506.83
5506.87
5506.93
5506.97
5507.0
5507.1
5507.13
5507.17
5507.2
5507.23
5507.27
5507.33
5507.43
5507.5
5507.57
5507.6
5507.63
5507.67
5507.73
5507.8
5507.83
5507.9
5507.93
5507.97
5508.0
5508.13
5508.17
5508.2
5508.23
5508.27
5508.3
5508.37
5508.47
5508.5
5508.57
5508.63
5508.7
5508.83
5508.97
5509.0
5509.03
5509.1
5509.13
5509.17
5509.2
5509.23
5509.27
5509.33
5509.37
5509.43
5509.47
5509.5
5509.57
5509.6
5509.63
5509.7
5509.73
5509.8
5509.83
5509.87
5509.9
5509.93
5509.97
5510.0
5510.03
5510.07
5510.1
5510.13
5510.17
5510.2
5510.23
5510.27
5510.33
5510.37
5510.4
5510.43
5510.47
5510.5
5510.53
5510.57
5510.6
5510.63
5510.67
5510.7
5510.73
5510.77
5510.8
5510.83
5510.87
5510.9
5510.93
5510.97
5511.0
5511.03
5511.07
5511.1
5511.13
5511.17
5511.2
5511.23
5511.27
5511.3
5511.33
5511.37
5511.4
5511.43
5511.47
5511.5
5511.53
5511.57
5511.6
5511.63
5511.67
5511.7
5511.73
5511.77
5511.8
5511.83
5511.87
5511.9
5511.93
5511.97
5512.0
5512.03
5512.07
5512.1
5512.13
5512.17
5512.2
5512.23
5512.27
5512.3
5512.33
5512.37
5512.4
5512.43
5512.47
5512.5
5512.53
5512.57
5512.6
5512.63
5512.67
5512.7
5512.73
5512.77
5512.8
5512.83
5512.87
5512.9
5512.93
5512.97
5513.0
5513.03
5513.07
5513.1
5513.13
5513.17
5513.2
5513.23
5513.27
5513.3
5513.33
5513.37
5513.4
5513.43
5513.47
5513.5
5513.53
5513.57
5513.6
5513.63
5513.67
5513.7
5513.73
5513.77
5513.8
5513.83
5513.87
5513.9
5513.93
5513.97
5514.0
5514.03
5514.07
5514.1
5514.13
5514.17
5514.2
5514.23
5514.27
5514.3
5514.33
5514.37
5514.4
5514.43
5514.47
5514.5
5514.53
5514.57
5514.6
5514.63
5514.67
5514.7
5514.73
5514.77
5514.8
5514.83
5514.87
5514.9
5514.93
5514.97
5515.0
5515.03
5515.07
5515.1
5515.13
5515.17
5515.2
5515.23
5515.27
5515.3
5515.33
5515.37
5515.4
5515.43
5515.47
5515.5
5515.53
5515.57
5515.6
5515.63
5515.67
5515.7
5515.73
5515.77
5515.8
5515.83
5515.87
5515.9
5515.93
5515.97
5516.0
5516.03
5516.07
5516.1
5516.13
5516.17
5516.2
5516.23
5516.27
5516.3
5516.33
5516.37
5516.4
5516.43
5516.47
5516.5
5516.53
5516.57
5516.6
5516.63
5516.67
5516.7
5516.73
5516.77
5516.8
5516.83
5516.87
5516.9
5516.93
5516.97
5517.0
5517.03
5517.07
5517.1
5517.13
5517.17
5517.2
5517.23
5517.27
5517.3
5517.33
5517.37
5517.4
5517.43
5517.47
5517.5
5517.53
5517.57
5517.6
5517.63
5517.67
5517.7
5517.73
5517.77
5517.8
5517.83
5517.87
5517.9
5517.93
5517.97
5518.0
5518.03
5518.07
5518.1
5518.13
5518.17
5518.2
5518.23
5518.27
5518.3
5518.33
5518.37
5518.4
5518.43
5518.47
5518.5
5518.53
5518.57
5518.6
5518.63
5518.67
5518.7
5518.73
5518.77
5518.8
5518.83
5518.87
5518.9
5518.93
5518.97
5519.0
5519.03
5519.07
5519.1
5519.13
5519.17
5519.2
5519.23
5519.27
5519.3
5519.33
5519.37
5519.4
5519.43
5519.47
5519.5
5519.53
5519.57
5519.6
5519.63
5519.67
5519.7
5519.73
5519.77
5519.8
5519.83
5519.87
5519.9
5519.93
5519.97
5520.0
5520.03
5520.07
5520.1
5520.13
5520.17
5520.2
5520.23
5520.27
5520.3
5520.33
5520.37
5520.4
5520.43
5520.47
5520.5
5520.53
5520.57
5520.6
5520.63
5520.67
5520.7
5520.73
5520.77
5520.8
5520.83
5520.87
5520.9
5520.93
5520.97
5521.0
5521.03
5521.07
5521.1
5521.13
5521.17
5521.2
5521.23
5521.27
5521.3
5521.33
5521.37
5521.4
5521.43
5521.47
5521.5
5521.53
5521.57
5521.6
5521.63
5521.67
5521.7
5521.73
5521.77
5521.8
5521.83
5521.87
5521.9
5521.93
5521.97
5522.0
5522.03
5522.07
5522.1
5522.13
5522.17
5522.2
5522.23
5522.27
5522.3
5522.33
5522.37
5522.4
5522.43
5522.47
5522.5
5522.53
5522.57
5522.6
5522.63
5522.67
5522.7
5522.73
5522.77
5522.8
5522.83
5522.87
5522.9
5522.93
5522.97
5523.0
5523.03
5523.07
5523.1
5523.13
5523.17
5523.2
5523.23
5523.27
5523.3
5523.33
5523.37
5523.4
5523.43
5523.47
5523.5
5523.53
5523.57
5523.6
5523.63
5523.67
5523.7
5523.73
5523.77
5523.8
5523.83
5523.87
5523.9
5523.93
5523.97
5524.0
5524.03
5524.07
5524.1
5524.13
5524.17
5524.2
5524.23
5524.27
5524.3
5524.33
5524.37
5524.4
5524.43
5524.47
5524.5
5524.53
5524.57
5524.6
5524.63
5524.67
5524.7
5524.73
5524.77
5524.8
5524.83
5524.87
5524.9
5524.93
5524.97
5525.0
5525.13
5525.23
5525.27
5525.3
5525.33
5525.37
5525.4
5525.43
5525.47
5525.5
5525.57
5525.6
5525.63
5525.67
5525.7
5525.73
5525.77
5525.83
5525.87
5525.9
5525.97
5526.0
5526.03
5526.07
5526.1
5526.13
5526.17
5526.2
5526.23
5526.27
5526.3
5526.37
5526.4
5526.43
5526.5
5526.67
5526.7
5526.73
5526.77
5526.8
5526.87
5526.93
5526.97
5527.0
5527.03
5527.07
5527.13
5527.17
5527.2
5527.27
5527.47
5527.5
5527.57
5527.63
5527.7
5527.73
5527.9
5528.0
5528.03
5528.13
5528.3
5528.33
5528.37
5528.5
5528.67
5529.0
5529.13
5529.2
5529.23
5529.27
5529.3
5529.33
5529.37
5529.4
5529.5
5529.63
5529.8
5530.0
5530.2
5530.23
5530.27
5530.3
5530.33
5530.37
5530.4
5530.43
5530.47
5530.5
5530.6
5530.67
5530.8
5530.83
5530.9
5530.93
5530.97
5531.0
5531.17
5531.2
5531.33
5531.47
5531.5
5531.63
5531.73
5531.77
5531.93
5532.0
5532.07
5532.2
5532.23
5532.5
5532.63
5532.7
5532.83
5532.87
5532.97
5533.0
5533.17
5533.2
5533.23
5533.27
5533.33
5533.37
5533.4
5533.5
5533.63
5533.93
5534.0
5534.13
5534.2
5534.47
5534.5
5534.63
5534.7
5534.73
5534.77
5534.83
5535.0
5535.17
5535.2
5535.27
5535.33
5535.4
5535.47
5535.5
5535.67
5535.7
5535.73
5535.77
5535.8
5535.87
5536.0
5536.5
5536.63
5536.73
5536.83
5536.93
5537.0
5537.13
5537.17
5537.2
5537.23
5537.3
5537.33
5537.43
5537.47
5537.5
5537.6
5537.87
5537.9
5538.0
5538.4
5538.43
5538.5
5538.6
5538.67
5538.7
5538.73
5538.8
5538.83
5538.87
5538.97
5539.0
5539.17
5539.2
5539.23
5539.27
5539.3
5539.37
5539.4
5539.43
5539.5
5539.6
5539.63
5539.67
5539.7
5539.8
5539.87
5540.0
5540.07
5540.1
5540.13
5540.17
5540.2
5540.23
5540.3
5540.43
5540.5
5540.6
5540.63
5540.67
5540.7
5540.8
5540.83
5540.87
5540.9
5540.93
5541.0
5541.1
5541.17
5541.23
5541.27
5541.5
5541.6
5541.63
5541.93
5541.97
5542.0
5542.27
5542.33
5542.37
5542.43
5542.5
5542.63
5542.87
5542.9
5543.0
5543.23
5543.27
5543.3
5543.33
5543.43
5543.5
5543.53
5543.6
5543.63
5543.67
5543.73
5543.8
5543.83
5543.87
5543.9
5543.93
5543.97
5544.0
5544.07
5544.1
5544.13
5544.17
5544.2
5544.23
5544.27
5544.3
5544.33
5544.4
5544.43
5544.5
5544.6
5544.73
5544.77
5544.8
5544.83
5544.87
5544.93
5545.0
5545.13
5545.17
5545.2
5545.23
5545.27
5545.3
5545.33
5545.37
5545.4
5545.47
5545.5
5545.57
5545.63
5545.73
5545.83
5545.9
5545.93
5545.97
5546.0
5546.03
5546.07
5546.1
5546.13
5546.17
5546.2
5546.23
5546.27
5546.33
5546.43
5546.5
5546.63
5546.67
5546.7
5546.8
5546.9
5546.97
5547.0
5547.03
5547.07
5547.13
5547.17
5547.2
5547.23
5547.4
5547.43
5547.5
5547.6
5547.63
5547.67
5547.83
5547.9
5547.93
5547.97
5548.0
5548.1
5548.17
5548.3
5548.43
5548.47
5548.5
5548.57
5548.6
5548.63
5548.7
5548.73
5548.77
5548.8
5548.87
5548.9
5548.93
5548.97
5549.0
5549.1
5549.13
5549.23
5549.3
5549.33
5549.37
5549.43
5549.47
5549.5
5549.7
5549.93
5549.97
5550.0
5550.1
5550.13
5550.17
5550.23
5550.27
5550.3
5550.33
5550.37
5550.47
5550.5
5550.7
5550.73
5550.8
5550.83
5550.87
5550.9
5550.93
5550.97
5551.0
5551.07
5551.1
5551.13
5551.17
5551.2
5551.23
5551.27
5551.3
5551.33
5551.37
5551.4
5551.43
5551.47
5551.5
5551.63
5551.67
5551.7
5551.73
5551.87
5551.93
5551.97
5552.0
5552.1
5552.13
5552.17
5552.2
5552.23
5552.27
5552.3
5552.33
5552.37
5552.5
5552.7
5552.73
5553.0
5553.07
5553.1
5553.13
5553.17
5553.23
5553.27
5553.3
5553.33
5553.37
5553.43
5553.5
5553.57
5553.6
5553.63
5553.67
5553.73
5553.77
5553.83
5553.87
5553.9
5553.93
5553.97
5554.0
5554.1
5554.13
5554.17
5554.2
5554.27
5554.3
5554.33
5554.37
5554.4
5554.47
5554.5
5554.67
5554.7
5554.8
5554.93
5554.97
5555.0
5555.13
5555.17
5555.2
5555.23
5555.3
5555.37
5555.4
5555.47
5555.5
5555.6
5555.67
5555.7
5555.8
5555.83
5555.87
5555.93
5555.97
5556.0
5556.13
5556.4
5556.43
5556.47
5556.5
5556.6
5556.67
5556.7
5556.83
5556.87
5556.97
5557.0
5557.1
5557.13
5557.2
5557.37
5557.43
5557.5
5557.57
5557.6
5557.67
5557.73
5557.8
5557.87
5557.93
5558.0
5558.13
5558.2
5558.23
5558.33
5558.37
5558.4
5558.43
5558.47
5558.5
5558.6
5558.63
5558.67
5558.73
5558.77
5558.83
5558.87
5558.9
5558.93
5558.97
5559.0
5559.07
5559.1
5559.13
5559.17
5559.2
5559.23
5559.27
5559.3
5559.33
5559.37
5559.4
5559.47
5559.5
5559.57
5559.6
5559.67
5559.7
5559.77
5559.8
5559.83
5559.9
5559.93
5559.97
5560.0
5560.07
5560.17
5560.2
5560.23
5560.27
5560.33
5560.37
5560.43
5560.5
5560.6
5560.67
5560.7
5560.9
5560.93
5560.97
5561.0
5561.2
5561.23
5561.27
5561.33
5561.4
5561.43
5561.5
5561.57
5561.6
5561.63
5561.67
5561.73
5561.77
5561.8
5561.83
5561.93
5561.97
5562.0
5562.07
5562.2
5562.23
5562.27
5562.43
5562.47
5562.5
5562.6
5562.67
5562.73
5562.77
5562.83
5562.87
5562.9
5562.97
5563.0
5563.1
5563.13
5563.27
5563.3
5563.33
5563.37
5563.43
5563.47
5563.5
5563.57
5563.6
5563.67
5563.8
5563.83
5563.9
5563.93
5563.97
5564.0
5564.13
5564.33
5564.37
5564.43
5564.5
5565.0
5565.13
5565.2
5565.23
5565.27
5565.3
5565.33
5565.37
5565.43
5565.5
5565.57
5565.6
5565.63
5565.67
5565.73
5565.8
5566.0
5566.03
5566.07
5566.1
5566.23
5566.4
5566.5
5566.57
5566.6
5566.67
5566.7
5566.73
5566.83
5566.87
5567.0
5567.27
5567.5
5567.57
5567.67
5567.7
5567.73
5567.87
5567.9
5567.93
5567.97
5568.0
5568.13
5568.23
5568.33
5568.43
5568.47
5568.5
5568.6
5568.63
5568.67
5568.7
5568.77
5568.8
5568.83
5568.87
5568.9
5569.0
5569.1
5569.13
5569.2
5569.23
5569.27
5569.3
5569.33
5569.4
5569.47
5569.5
5569.67
5569.7
5569.73
5569.77
5569.83
5569.9
5569.93
5569.97
5570.0
5570.03
5570.1
5570.13
5570.17
5570.27
5570.3
5570.33
5570.37
5570.4
5570.43
5570.5
5570.6
5570.73
5570.87
5570.9
5570.97
5571.0
5571.43
5571.5
5571.53
5571.57
5571.73
5571.77
5571.83
5571.97
5572.0
5572.1
5572.13
5572.17
5572.27
5572.3
5572.33
5572.37
5572.4
5572.43
5572.5
5572.57
5572.6
5572.63
5572.7
5572.73
5572.77
5572.83
5572.97
5573.0
5573.13
5573.17
5573.2
5573.33
5573.37
5573.4
5573.43
5573.5
5573.57
5573.6
5573.63
5573.67
5573.73
5573.77
5573.8
5573.83
5574.0
5574.17
5574.27
5574.3
5574.4
5574.43
5574.47
5574.5
5574.67
5574.7
5574.73
5574.77
5574.8
5574.83
5574.87
5574.9
5574.93
5574.97
5575.0
5575.1
5575.13
5575.23
5575.3
5575.47
5575.5
5575.6
5575.63
5575.67
5575.7
5575.73
5575.77
5575.87
5575.9
5575.93
5576.0
5576.17
5576.2
5576.27
5576.33
5576.37
5576.43
5576.5
5576.57
5576.6
5576.67
5576.7
5576.77
5576.83
5576.9
5576.97
5577.0
5577.1
5577.13
5577.2
5577.23
5577.33
5577.4
5577.47
5577.5
5577.57
5577.6
5577.63
5577.7
5577.77
5577.8
5577.83
5577.87
5577.9
5577.97
5578.0
5578.03
5578.1
5578.13
5578.2
5578.33
5578.37
5578.5
5578.6
5578.63
5578.67
5578.7
5578.73
5578.77
5578.8
5578.87
5578.9
5578.97
5579.0
5579.13
5579.17
5579.27
5579.33
5579.37
5579.5
5579.6
5579.67
5579.77
5579.83
5579.87
5579.9
5579.93
5579.97
5580.0
5580.07
5580.13
5580.23
5580.33
5580.37
5580.47
5580.5
5580.57
5580.6
5580.8
5580.97
5581.0
5581.13
5581.17
5581.2
5581.27
5581.3
5581.33
5581.37
5581.4
5581.47
5581.5
5581.57
5581.63
5581.73
5581.77
5581.9
5582.0
5582.07
5582.13
5582.2
5582.27
5582.3
5582.37
5582.43
5582.5
5582.67
5582.8
5582.83
5582.9
5582.93
5583.0
5583.33
5583.5
5583.57
5583.7
5584.0
5584.1
5584.2
5584.37
5584.5
5584.83
5584.87
5584.93
5584.97
5585.0
5585.07
5585.1
5585.13
5585.47
5585.5
5585.67
5585.7
5585.77
5585.9
5586.0
5586.5
5586.8
5586.83
5586.87
5587.0
5587.33
5587.4
5587.5
5587.57
5587.6
5587.7
5587.8
5587.87
5588.0
5588.5
5588.6
5588.63
5588.8
5588.93
5589.0
5589.43
5589.47
5589.5
5589.57
5589.6
5589.87
5589.9
5589.97
5590.0
5590.1
5590.13
5590.3
5590.37
5590.5
5590.67
5590.7
5590.73
5590.77
5591.0
5591.5
5591.73
5591.8
5591.87
5591.9
5591.93
5592.0
5592.1
5592.5
5592.53
5592.73
5592.77
5592.87
5592.97
5593.0
5593.1
5593.13
5593.17
5593.33
5593.5
5593.53
5593.6
5593.63
5593.7
5593.83
5593.9
5593.93
5594.0
5594.07
5594.23
5594.5
5594.57
5594.6
5594.9
5594.93
5595.0
5595.2
5595.23
5595.37
5595.43
5595.47
5595.5
5595.67
5595.77
5596.0
5596.2
5596.23
5596.37
5596.5
5596.7
5597.0
5597.07
5597.23
5597.33
5597.5
5597.67
5597.7
5598.0
5598.33
5598.43
5598.5
5598.73
5598.8
5598.83
5598.87
5599.0
5599.3
5599.5
5599.63
5599.67
5599.83
5599.87
5599.9
5600.0
5600.23
5600.47
5600.5
5600.6
5600.63
5600.7
5600.73
5600.77
5600.8
5600.83
5600.87
5601.0
5601.17
5601.3
5601.33
5601.37
5601.4
5601.47
5601.5
5602.0
5602.1
5602.17
5602.2
5602.3
5602.37
5602.47
5602.5
5602.53
5602.57
5602.63
5602.67
5602.7
5602.73
5602.77
5602.93
5603.0
5603.17
5603.23
5603.27
5603.37
5603.43
5603.47
5603.5
5603.67
5603.7
5603.83
5603.97
5604.0
5604.07
5604.2
5604.27
5604.3
5604.33
5604.37
5604.4
5604.43
5604.47
5604.5
5604.8
5605.0
5605.17
5605.37
5605.4
5605.47
5605.5
